Rk,Player,Pos,Age,Tm,G,GS,MP,FG,FGA,FG%,3P,3PA,3P%,2P,2PA,2P%,eFG%,FT,FTA,FT%,ORB,DRB,TRB,AST,STL,BLK,TOV,PF,PTS
1,Precious Achiuwa,C,23,TOR,51,11,20.7,3.4,7.1,0.475,0.5,1.8,0.245,2.9,5.3,0.556,0.507,1.6,2.3,0.686,1.8,4,5.8,0.9,0.5,0.6,1.1,1.8,8.8
2,Steven Adams,C,29,MEM,42,42,27,3.7,6.3,0.597,0,0,0,3.7,6.2,0.599,0.597,1.1,3.1,0.364,5.1,6.5,11.5,2.3,0.9,1.1,1.9,2.3,8.6
3,Bam Adebayo,C,25,MIA,72,72,35.2,8.2,15.1,0.539,0,0.2,0.083,8.1,15,0.544,0.539,4.4,5.5,0.803,2.4,6.9,9.3,3.3,1.2,0.8,2.6,2.8,20.7
4,Ochai Agbaji,SG,22,UTA,55,18,19.6,2.5,5.7,0.438,1.3,3.6,0.374,1.2,2.1,0.547,0.556,0.8,1.1,0.793,0.7,1.3,2,1,0.3,0.2,0.6,1.7,7.2
5,Santi Aldama,PF,22,MEM,75,19,22,3.2,6.9,0.473,1.2,3.5,0.356,2,3.4,0.593,0.563,1.4,1.9,0.754,1.1,3.7,4.8,1.2,0.6,0.6,0.8,1.9,9.1
6,Nickeil Alexander-Walker,SG,24,TOT,56,3,14.9,2.2,5,0.442,1,2.6,0.381,1.2,2.3,0.511,0.543,0.7,1.1,0.667,0.3,1.5,1.8,1.8,0.5,0.3,0.9,1.5,6.1
6,Nickeil Alexander-Walker,SG,24,UTA,36,3,14.7,2.3,4.7,0.488,1,2.4,0.402,1.3,2.3,0.578,0.591,0.8,1.1,0.692,0.2,1.4,1.6,2.1,0.7,0.4,1.3,1.6,6.3
6,Nickeil Alexander-Walker,SG,24,MIN,20,0,15.4,2,5.4,0.37,1.1,3,0.35,1,2.4,0.396,0.468,0.7,1.1,0.619,0.3,1.7,2,1.4,0.3,0.3,0.4,1.3,5.7
7,Grayson Allen,SG,27,MIL,72,70,27.4,3.4,7.7,0.44,2,5.1,0.399,1.4,2.7,0.518,0.571,1.6,1.8,0.905,0.8,2.4,3.3,2.3,0.9,0.2,1,1.6,10.4
8,Jarrett Allen,C,24,CLE,66,66,32.9,6,9.3,0.645,0,0.1,0.111,6,9.1,0.653,0.646,2.5,3.3,0.733,3.3,6.6,9.9,1.7,0.8,1.2,1.4,2.3,14.4
9,Jose Alvarado,PG,24,NOP,61,10,21.5,3.3,8,0.411,1.4,4,0.336,1.9,4,0.488,0.496,1.1,1.3,0.813,0.5,1.9,2.3,3,1.1,0.2,1.3,2,9
10,Kyle Anderson,PF,29,MIN,66,46,28.2,3.7,7.2,0.511,0.6,1.5,0.42,3,5.6,0.535,0.555,1.5,2.1,0.735,1,4.4,5.4,4.8,1.2,0.9,1.5,2.2,9.5
11,Giannis Antetokounmpo,PF,28,MIL,62,62,32.1,11.3,20.4,0.553,0.8,2.8,0.275,10.5,17.6,0.597,0.572,7.9,12.2,0.646,2.2,9.6,11.8,5.6,0.8,0.8,3.8,3.1,31.1
12,Thanasis Antetokounmpo,SF,30,MIL,33,0,4.2,0.3,0.8,0.37,0,0.2,0,0.3,0.7,0.455,0.37,0.2,0.4,0.417,0.3,0.6,0.9,0.2,0.1,0.1,0.3,0.5,0.8
13,Cole Anthony,PG,22,ORL,58,3,25.8,4.6,10.1,0.454,1.2,3.4,0.362,3.4,6.7,0.501,0.515,2.5,2.8,0.89,0.8,4,4.7,3.9,0.6,0.5,1.5,2.7,13
14,OG Anunoby,SF,25,TOR,64,64,35.7,6.3,13.2,0.48,2.2,5.5,0.395,4.2,7.7,0.539,0.562,2.2,2.6,0.838,1.4,3.6,5.1,1.9,1.9,0.7,2,3,17
15,Ryan Arcidiacono,PG,28,TOT,20,4,8.6,0.5,1.9,0.243,0.4,1.2,0.348,0.1,0.7,0.071,0.351,0,0,,0,0.8,0.8,1.2,0.3,0,0.4,0.9,1.3
15,Ryan Arcidiacono,PG,28,NYK,11,0,2.4,0.1,0.5,0.2,0.1,0.3,0.333,0,0.2,0,0.3,0,0,,0,0.4,0.4,0.2,0.2,0,0.1,0.3,0.3
15,Ryan Arcidiacono,PG,28,POR,9,4,16.2,0.9,3.6,0.25,0.8,2.2,0.35,0.1,1.3,0.083,0.359,0,0,,0,1.2,1.2,2.3,0.3,0,0.7,1.6,2.6
16,Deni Avdija,SF,22,WAS,76,40,26.6,3.3,7.6,0.437,0.9,3.1,0.297,2.4,4.6,0.53,0.497,1.6,2.2,0.739,1,5.4,6.4,2.8,0.9,0.4,1.6,2.8,9.2
17,Deandre Ayton,C,24,PHO,65,65,30.4,7.8,13.4,0.586,0.1,0.4,0.292,7.7,13,0.594,0.59,2.2,2.9,0.749,2.6,7.5,10,1.7,0.6,0.8,1.8,2.8,18
18,Udoka Azubuike,C,23,UTA,32,0,8,1.3,1.7,0.811,0,0,,1.3,1.7,0.811,0.811,0.2,0.5,0.313,0.8,2,2.8,0.3,0.2,0.4,0.5,0.8,2.8
19,Marvin Bagley III,C,23,DET,40,25,23.7,4.8,9,0.535,0.4,1.5,0.262,4.4,7.5,0.59,0.557,1.9,2.5,0.752,2.3,4.1,6.4,0.9,0.5,0.7,1.1,2,12
20,Patrick Baldwin Jr.,SF,20,GSW,28,0,7.6,1.4,3.6,0.396,1.1,2.8,0.385,0.4,0.8,0.435,0.545,0.1,0.2,0.667,0,1.3,1.3,0.3,0.2,0.1,0.4,0.5,4.1
21,LaMelo Ball,PG,21,CHO,36,36,35.2,8.2,20,0.411,4,10.6,0.376,4.2,9.4,0.45,0.51,2.8,3.4,0.836,1.2,5.3,6.4,8.4,1.3,0.3,3.6,3.3,23.3
22,Mo Bamba,C,24,TOT,47,7,16.2,2.5,5.1,0.487,1,2.6,0.39,1.4,2.4,0.591,0.588,0.9,1.3,0.661,1.2,3.5,4.7,1,0.3,0.9,0.6,2.2,6.8
22,Mo Bamba,C,24,ORL,40,6,17,2.7,5.4,0.495,1.1,2.7,0.398,1.6,2.7,0.594,0.596,0.9,1.3,0.686,1.2,3.4,4.6,1.1,0.3,1,0.6,2.2,7.3
22,Mo Bamba,C,24,LAL,7,1,11.6,1.4,3.4,0.417,0.7,2.1,0.333,0.7,1.3,0.556,0.521,0.9,1.6,0.545,1.3,4,5.3,0.6,0.1,0.6,1.1,2.4,4.4
23,Paolo Banchero,PF,20,ORL,71,71,33.7,6.6,15.6,0.427,1.2,4,0.295,5.5,11.6,0.472,0.464,5.5,7.4,0.739,1.1,5.7,6.9,3.7,0.8,0.5,2.7,2.2,20
24,Desmond Bane,SG,24,MEM,55,55,31.5,7.7,16.1,0.479,2.8,6.9,0.41,4.9,9.2,0.53,0.566,3.2,3.6,0.889,0.7,4.2,4.9,4.3,1,0.4,2.2,2.5,21.4
25,Dalano Banton,PG,23,TOR,28,2,9,1.6,4,0.407,0.5,1.6,0.283,1.2,2.4,0.493,0.465,0.5,0.7,0.789,0.3,1,1.3,1,0.5,0.4,0.6,1.1,4.3
26,Dominick Barlow,SF,19,SAS,24,0,12.9,1.4,2.6,0.524,0,0.2,0,1.4,2.5,0.559,0.524,0.5,0.7,0.706,1.4,1.6,3,0.7,0.3,0.6,0.5,1.9,3.3
27,Harrison Barnes,PF,30,SAC,78,78,32.7,4.5,9.6,0.468,1.6,4.3,0.37,2.9,5.3,0.548,0.551,4.3,5.1,0.845,1,3.6,4.6,1.6,0.7,0.1,1.1,1.3,15
28,Scottie Barnes,PF,21,TOR,73,72,35,6.2,13.4,0.46,0.8,2.9,0.288,5.3,10.5,0.507,0.491,2.5,3.3,0.778,2.4,4.4,6.8,4.9,1.1,0.8,2,2.2,15.7
29,RJ Barrett,SG,22,NYK,71,71,33.8,6.9,16,0.433,1.7,5.3,0.317,5.2,10.7,0.491,0.486,4,5.3,0.743,0.8,4.2,5.1,2.7,0.4,0.2,2.3,2.4,19.5
30,Will Barton,SG,32,TOT,52,2,17.8,2.4,6.4,0.37,1.1,3.1,0.35,1.3,3.3,0.391,0.456,0.7,0.9,0.787,0.3,2.2,2.5,2.1,0.5,0.2,0.9,1,6.5
30,Will Barton,SG,32,WAS,40,0,19.6,2.8,7.1,0.386,1.3,3.5,0.377,1.5,3.7,0.395,0.477,0.9,1.1,0.778,0.3,2.5,2.8,2.4,0.4,0.3,1.1,1,7.7
30,Will Barton,SG,32,TOR,12,2,12.2,1.1,3.9,0.277,0.4,2.1,0.2,0.7,1.8,0.364,0.33,0.2,0.2,1,0.3,1.3,1.5,1,0.6,0.2,0.3,1,2.8
31,Charles Bassey,C,22,SAS,35,2,14.5,2.5,3.9,0.644,0.1,0.2,0.375,2.4,3.6,0.661,0.656,0.6,1.1,0.595,2.1,3.4,5.5,1.3,0.5,0.9,1.2,2.1,5.7
32,Keita Bates-Diop,SF,27,SAS,63,38,21.4,3.3,6.5,0.507,0.8,2,0.387,2.6,4.6,0.559,0.566,1.7,2.1,0.794,1,2.7,3.6,1.4,0.7,0.3,0.8,1,9
33,Nicolas Batum,PF,34,LAC,75,16,21.8,2.1,4.9,0.425,1.6,4,0.396,0.5,0.9,0.563,0.589,0.4,0.6,0.696,0.8,3.1,3.9,1.5,0.7,0.5,0.7,1.9,6.2
34,Darius Bazley,PF,22,TOT,41,1,14.2,1.8,4,0.446,0.5,1.2,0.388,1.3,2.9,0.47,0.503,0.9,1.6,0.552,0.7,2.4,3.1,0.9,0.5,0.8,0.6,1,5
34,Darius Bazley,PF,22,OKC,36,1,15.4,2,4.4,0.449,0.5,1.3,0.4,1.5,3.1,0.469,0.506,1,1.8,0.554,0.8,2.6,3.4,0.9,0.5,0.8,0.6,1,5.4
34,Darius Bazley,PF,22,PHO,5,0,5.4,0.6,1.6,0.375,0.2,0.8,0.25,0.4,0.8,0.5,0.438,0.2,0.4,0.5,0.2,1,1.2,0.8,0.4,0.4,0.6,1,1.6
35,Bradley Beal,SG,29,WAS,50,50,33.5,8.9,17.6,0.506,1.6,4.4,0.365,7.3,13.2,0.552,0.551,3.8,4.6,0.842,0.8,3.1,3.9,5.4,0.9,0.7,2.9,2.1,23.2
36,Malik Beasley,SG,26,TOT,77,27,26.1,4.6,11.8,0.392,2.9,8.3,0.357,1.7,3.5,0.474,0.517,0.6,0.7,0.786,0.4,3.1,3.5,1.5,0.8,0.1,1.2,1.3,12.7
36,Malik Beasley,SG,26,UTA,55,13,26.8,4.8,12.2,0.396,3.1,8.6,0.359,1.7,3.6,0.485,0.522,0.7,0.8,0.841,0.5,3.1,3.6,1.7,0.8,0.1,1.1,1.4,13.4
36,Malik Beasley,SG,26,LAL,22,14,24.3,4.1,10.8,0.38,2.6,7.5,0.352,1.5,3.3,0.444,0.502,0.3,0.5,0.583,0.2,3.2,3.4,1.1,0.9,0,1.4,1.2,11.1
37,MarJon Beauchamp,SF,22,MIL,48,9,12.8,1.8,4.5,0.401,0.9,2.6,0.325,1,1.9,0.505,0.495,0.5,0.7,0.697,0.8,1.4,2.1,0.6,0.4,0.1,0.8,1.3,5
38,Dāvis Bertāns,PF,30,DAL,43,0,10.4,1.4,3.3,0.421,1.1,2.9,0.387,0.3,0.4,0.688,0.593,0.2,0.3,0.833,0.2,0.8,1,0.5,0.2,0.1,0.2,1.2,4.1
39,Patrick Beverley,PG,34,TOT,64,64,27.1,2.1,5.4,0.397,1.2,3.5,0.332,1,1.8,0.521,0.506,0.7,1,0.723,0.7,3,3.7,2.9,0.9,0.6,0.9,2.8,6.2
39,Patrick Beverley,PG,34,LAL,45,45,26.9,2.2,5.4,0.402,1.2,3.5,0.348,0.9,1.8,0.506,0.517,0.9,1.1,0.78,0.5,2.6,3.1,2.6,0.9,0.6,0.9,2.8,6.4
39,Patrick Beverley,PG,34,CHI,19,19,27.5,2.1,5.4,0.382,1.1,3.6,0.294,1,1.8,0.559,0.48,0.4,0.8,0.533,1.1,4.1,5.2,3.4,0.8,0.7,0.9,2.9,5.6
40,Saddiq Bey,SF,23,TOT,73,34,27.8,4.5,10.9,0.416,2,5.4,0.36,2.6,5.5,0.472,0.506,2.8,3.3,0.861,1.3,3.5,4.8,1.5,0.9,0.2,0.9,1.6,13.8
40,Saddiq Bey,SF,23,DET,52,30,28.8,4.7,11.7,0.404,1.9,5.6,0.345,2.8,6,0.46,0.488,3.5,4,0.861,1.1,3.5,4.7,1.6,1,0.2,1,1.7,14.8
40,Saddiq Bey,SF,23,ATL,21,4,25.1,4.1,9,0.455,2,5,0.404,2.1,4,0.518,0.566,1.2,1.4,0.862,1.6,3.4,5,1.2,0.7,0,0.7,1.5,11.4
41,Khem Birch,C,30,TOR,20,0,8.1,1,1.6,0.594,0.1,0.1,0.5,0.9,1.5,0.6,0.609,0.2,0.3,0.8,0.4,0.9,1.3,0.4,0.3,0.3,0.4,1.2,2.2
42,Goga Bitadze,C,23,TOT,34,0,11,1.6,2.9,0.551,0.2,0.7,0.261,1.4,2.2,0.64,0.582,0.6,1.1,0.526,1.3,1.6,3,1,0.4,0.6,0.5,1.7,3.9
42,Goga Bitadze,C,23,IND,21,0,9.6,1.3,2.5,0.519,0.2,0.7,0.286,1.1,1.8,0.605,0.558,0.5,1.1,0.458,1.2,1.1,2.3,0.9,0.4,0.5,0.6,1.6,3.3
42,Goga Bitadze,C,23,ORL,13,0,13.2,2.1,3.5,0.587,0.2,0.7,0.222,1.9,2.8,0.676,0.609,0.7,1.1,0.643,1.5,2.5,4,1.3,0.4,0.9,0.4,1.8,5
43,Bismack Biyombo,C,30,PHO,58,13,14.4,1.9,3.3,0.575,0,0,,1.9,3.3,0.575,0.575,0.4,1.2,0.338,1.5,2.8,4.3,0.9,0.3,1.4,0.9,1.9,4.2
44,Buddy Boeheim,PG,23,DET,8,0,9.3,0.6,3,0.208,0.5,2.8,0.182,0.1,0.3,0.5,0.292,0.3,0.3,1,0.3,0.4,0.6,0.4,0.3,0,0,0.6,2
45,Bogdan Bogdanović,SG,30,ATL,52,8,28,5,11.3,0.442,2.7,6.7,0.402,2.3,4.7,0.5,0.56,1.2,1.4,0.822,0.4,2.6,3.1,2.8,0.8,0.3,1.2,1.6,13.9
46,Bojan Bogdanović,PF,33,DET,59,59,32.1,7.3,14.9,0.488,2.5,6,0.411,4.8,9,0.539,0.57,4.5,5.1,0.884,0.6,3.2,3.8,2.6,0.6,0.1,2.3,1.9,21.6
47,Bol Bol,PF,23,ORL,67,32,21.4,3.7,6.6,0.566,0.4,1.5,0.293,3.3,5.1,0.644,0.598,1.1,1.5,0.76,1,4.8,5.8,0.9,0.4,1.2,1.6,1.3,9
48,Leandro Bolmaro,SG,22,UTA,14,0,4.9,0.2,1.4,0.15,0,0.3,0,0.2,1.1,0.188,0.15,0,0,,0.3,0.2,0.5,0.5,0.2,0.1,0.5,0.7,0.4
49,Devin Booker,SG,26,PHO,51,51,34.6,10.1,20.3,0.498,2.1,5.9,0.359,8,14.4,0.555,0.55,5.7,6.7,0.851,0.9,3.6,4.5,5.5,0.9,0.4,2.8,3,28
50,Brandon Boston Jr.,SG,21,LAC,21,1,11.8,2.4,5.8,0.421,0.6,1.4,0.414,1.9,4.4,0.424,0.471,1.4,1.8,0.763,0.3,1,1.4,0.9,0.4,0,0.6,1,6.8
51,Chris Boucher,PF,30,TOR,72,0,20.2,3.4,7,0.491,0.8,2.5,0.32,2.6,4.5,0.586,0.549,1.7,2.2,0.755,2.1,3.5,5.7,0.4,0.6,0.9,0.5,1.9,9.4
52,James Bouknight,SG,22,CHO,31,0,14.2,1.9,5.2,0.364,0.9,2.9,0.322,1,2.3,0.417,0.454,0.6,0.8,0.692,0.2,1.9,2.1,1.2,0.5,0.2,0.8,1.2,5.3
53,Jamaree Bouyea,PG,23,TOT,5,0,14.2,1.2,2.8,0.429,0.4,1.2,0.333,0.8,1.6,0.5,0.5,0.2,0.4,0.5,0.2,1,1.2,0.8,0.8,0.4,0.8,1.2,3
53,Jamaree Bouyea,PG,23,MIA,4,0,16.3,1.5,3.3,0.462,0.5,1.3,0.4,1,2,0.5,0.538,0.3,0.5,0.5,0.3,1,1.3,1,1,0.5,1,1.3,3.8
53,Jamaree Bouyea,PG,23,WAS,1,0,6,0,1,0,0,1,0,0,0,,0,0,0,,0,1,1,0,0,0,0,1,0
54,Tony Bradley,C,25,CHI,12,0,2.8,0.5,1,0.5,0.3,0.4,0.6,0.3,0.6,0.429,0.625,0.3,0.3,1,0.1,0.8,0.9,0.1,0.1,0.1,0.1,0.2,1.6
55,Malaki Branham,SF,19,SAS,62,28,23.3,4,9,0.442,1.2,3.8,0.308,2.8,5.2,0.539,0.506,0.8,1,0.803,0.4,2.3,2.7,2,0.5,0.1,1.2,1.8,9.9
56,Jarrell Brantley,PF,26,UTA,4,0,9.8,2,3.5,0.571,1,2.3,0.444,1,1.3,0.8,0.714,0.5,0.5,1,0.3,1.3,1.5,0.8,0,0.5,0.5,0.8,5.5
57,Christian Braun,SG,21,DEN,72,4,14.9,1.8,3.5,0.494,0.4,1.2,0.372,1.3,2.3,0.556,0.557,0.5,0.8,0.6,0.6,1.7,2.3,0.8,0.5,0.2,0.4,1.3,4.4
58,Mikal Bridges,SF,26,TOT,79,79,36.1,7.2,15.1,0.475,2.1,5.2,0.399,5.1,9.9,0.516,0.544,3.8,4.2,0.901,1,3.5,4.4,3.3,1.1,0.7,1.5,2,20.2
58,Mikal Bridges,SF,26,PHO,56,56,36.4,6.3,13.6,0.463,1.8,4.7,0.387,4.5,9,0.503,0.529,2.8,3.1,0.897,1,3.3,4.3,3.6,1.2,0.8,1.4,2.1,17.2
58,Mikal Bridges,SF,26,BRK,23,23,35.2,9.3,18.7,0.497,2.8,6.7,0.418,6.5,12,0.54,0.571,6.3,6.9,0.906,1,3.7,4.7,2.7,1,0.6,1.8,1.7,27.6
59,Oshae Brissett,SF,24,IND,62,2,16.5,1.9,4.8,0.388,0.8,2.4,0.318,1.1,2.4,0.459,0.468,1.5,2.1,0.723,1,2.4,3.3,0.6,0.5,0.2,0.5,1.2,6
60,Malcolm Brogdon,PG,30,BOS,65,0,25.9,5.2,10.7,0.484,1.9,4.4,0.439,3.2,6.3,0.515,0.574,2.4,2.7,0.879,0.6,3.6,4.2,3.7,0.7,0.3,1.4,1.6,14.7
61,Dillon Brooks,SF,27,MEM,71,71,30.2,5.3,13.6,0.394,1.9,6,0.324,3.4,7.6,0.448,0.465,1.6,2.1,0.784,0.6,2.7,3.3,2.6,0.9,0.2,1.4,3.3,14.2
62,Bruce Brown,SG,26,DEN,77,29,28.3,4.4,9.1,0.48,1.2,3.2,0.36,3.2,5.9,0.545,0.544,1.4,1.8,0.748,0.8,3.3,4.1,3.3,1.1,0.6,1.6,2.4,11.2
63,Greg Brown III,PF,21,POR,16,0,5.8,0.7,1.8,0.393,0.1,0.4,0.143,0.6,1.3,0.476,0.411,0.3,0.8,0.417,0.1,1.1,1.2,0.2,0.3,0.3,0.4,0.8,1.8
64,Jaylen Brown,SF,26,BOS,66,66,35.8,10.1,20.5,0.493,2.5,7.2,0.339,7.7,13.3,0.576,0.552,4,5.2,0.769,1.2,5.6,6.8,3.4,1.1,0.4,2.9,2.6,26.7
65,Kendall Brown,SG,19,IND,6,0,6.7,0.7,1.2,0.571,0,0.2,0,0.7,1,0.667,0.571,0.2,0.3,0.5,0.3,0.7,1,0.5,0.7,0,0.3,1.5,1.5
66,Moses Brown,C,23,TOT,36,1,8.2,1.7,2.7,0.635,0,0,,1.7,2.7,0.635,0.635,0.9,2,0.458,1.6,2.3,3.9,0.1,0.1,0.4,0.4,1.1,4.3
66,Moses Brown,C,23,LAC,34,1,8.5,1.8,2.8,0.635,0,0,,1.8,2.8,0.635,0.635,1,2.1,0.458,1.7,2.4,4.1,0.1,0.1,0.4,0.4,1.1,4.6
66,Moses Brown,C,23,BRK,2,0,3,0,0,,0,0,,0,0,,,0,0,,0,0,0,0,0.5,0,0.5,0.5,0
67,Sterling Brown,SG,27,LAL,4,0,6,0,1,0,0,0.5,0,0,0.5,0,0,0,0,,0.8,1.3,2,0.5,0.8,0,0,1,0
68,Troy Brown Jr.,SF,23,LAL,72,45,24.6,2.7,6.2,0.431,1.4,3.8,0.374,1.3,2.4,0.52,0.545,0.5,0.5,0.892,0.8,3.2,4,1.2,0.8,0.2,0.7,1.6,7.2
69,Jalen Brunson,PG,26,NYK,68,68,35,8.6,17.6,0.491,2,4.7,0.416,6.7,12.8,0.519,0.547,4.8,5.8,0.829,0.6,3,3.5,6.2,0.9,0.2,2.1,2.2,24
70,Thomas Bryant,C,25,TOT,58,26,18.3,3.9,6.2,0.623,0.4,1,0.429,3.5,5.3,0.659,0.657,1.6,2.2,0.738,1.5,4.2,5.7,0.5,0.3,0.5,0.7,1.7,9.8
70,Thomas Bryant,C,25,LAL,41,25,21.4,4.8,7.3,0.654,0.5,1.2,0.44,4.3,6.1,0.697,0.691,2,2.6,0.741,1.6,5.2,6.8,0.7,0.3,0.6,0.7,1.9,12.1
70,Thomas Bryant,C,25,DEN,17,1,10.8,1.6,3.5,0.467,0.1,0.4,0.333,1.5,3.2,0.481,0.483,0.8,1.1,0.722,1.1,2,3.1,0.1,0.1,0.4,0.6,1.4,4.2
71,Reggie Bullock,SF,31,DAL,76,53,30.4,2.5,6.1,0.409,1.9,5.1,0.379,0.5,0.9,0.569,0.569,0.3,0.5,0.703,0.4,3.3,3.7,1.3,0.7,0.2,0.5,2.2,7.3
72,Alec Burks,SG,31,DET,51,8,22,3.9,9,0.436,1.9,4.7,0.414,2,4.3,0.459,0.544,3,3.7,0.814,0.4,2.7,3.1,2.2,0.7,0.2,1.1,1.9,12.8
73,Deonte Burton,SG,29,SAC,2,0,3,0,1,0,0,0.5,0,0,0.5,0,0,0,0,,0,0,0,0,0,0,0,0,0
74,Jared Butler,SG,22,OKC,3,0,9,1.3,2.7,0.5,0.3,1,0.333,1,1.7,0.6,0.563,0,0,,0,0.3,0.3,1.3,1.3,0,0.7,1.3,3
75,Jimmy Butler,SF,33,MIA,62,62,33.4,7.4,13.9,0.534,0.6,1.6,0.35,6.9,12.3,0.558,0.554,7.4,8.7,0.851,2.3,3.6,5.9,5.3,1.8,0.3,1.6,1.3,22.8
76,John Butler,C,20,POR,15,0,7.7,0.3,1.5,0.217,0.1,1.1,0.125,0.2,0.5,0.429,0.261,0.1,0.1,1,0.1,0.4,0.5,0.3,0.3,0.3,0,0.9,0.9
77,Jamal Cain,SF,23,MIA,15,0,12.4,1.7,3.3,0.52,0.1,0.8,0.167,1.6,2.5,0.632,0.54,0.8,1.1,0.75,0.8,1.8,2.6,0.6,0.5,0,0.3,1,4.4
78,Kentavious Caldwell-Pope,SG,29,DEN,74,74,31.5,3.8,8.3,0.459,1.7,4.2,0.416,2.1,4.1,0.503,0.564,1.4,1.7,0.821,0.5,2.3,2.8,2.4,1.5,0.4,1.1,1.9,10.7
79,Facundo Campazzo,PG,31,DAL,8,0,6.5,0.4,1.6,0.231,0.4,1.4,0.273,0,0.3,0,0.346,0.1,0.3,0.5,0,0.3,0.3,1.1,0.8,0,0.4,0.4,1.3
80,Vlatko Čančar,PF,25,DEN,56,8,14.8,1.9,3.8,0.486,0.8,1.9,0.389,1.1,1.9,0.585,0.584,0.6,0.6,0.941,0.4,1.8,2.2,1.3,0.3,0.2,0.6,1.4,5
81,Clint Capela,C,28,ATL,62,60,26.7,5.4,8.4,0.649,0,0,0,5.4,8.4,0.651,0.649,1.1,1.9,0.607,4.1,7.1,11.1,0.9,0.7,1.2,0.8,2.1,12
82,Vernon Carey Jr.,C,21,WAS,11,0,2.5,0.2,0.7,0.25,0,0,,0.2,0.7,0.25,0.25,0.2,0.2,1,0.3,0.7,1,0.3,0.2,0.2,0.2,0.5,0.5
83,Jevon Carter,PG,27,MIL,78,37,22.3,2.9,6.9,0.424,1.7,4.1,0.417,1.2,2.8,0.434,0.547,0.4,0.5,0.816,0.4,2.1,2.5,2.4,0.8,0.4,1,2,7.9
84,Wendell Carter Jr.,C,23,ORL,55,52,29.8,5.7,10.9,0.527,1.4,3.9,0.35,4.4,7,0.627,0.59,2.6,3.5,0.741,2.2,6.6,8.7,2.3,0.5,0.6,1.9,2.8,15.5
85,Michael Carter-Williams,PG,31,ORL,1,0,2,0,0,,0,0,,0,0,,,1,2,0.5,0,0,0,0,0,0,0,0,1
86,Alex Caruso,PG,28,CHI,64,33,23.8,2,4.3,0.455,0.8,2.3,0.367,1.1,2,0.554,0.552,0.9,1.1,0.808,0.6,2.3,3,3,1.5,0.7,1.2,2.4,5.7
87,Julian Champagnie,SF,21,TOT,13,1,15.5,2.6,5.6,0.466,1.4,3.6,0.383,1.2,2,0.615,0.589,0.4,0.5,0.833,0.5,2.2,2.7,0.3,0.3,0.3,0.5,1.5,7
87,Julian Champagnie,SF,21,PHI,2,0,3.5,0,1,0,0,0.5,0,0,0.5,0,0,0,0,,0,0,0,0,0.5,0,0,0,0
87,Julian Champagnie,SF,21,SAS,11,1,17.7,3.1,6.5,0.479,1.6,4.2,0.391,1.5,2.3,0.64,0.606,0.5,0.5,0.833,0.5,2.6,3.2,0.4,0.3,0.4,0.6,1.7,8.3
88,Justin Champagnie,SF,21,TOR,3,0,3.7,1,1,1,0,0,,1,1,1,1,0,0,,0.3,1,1.3,0.3,0,0,0,0.3,2
89,Kennedy Chandler,PG,20,MEM,34,0,7.9,1,2.3,0.418,0.1,0.4,0.133,0.9,1.9,0.484,0.43,0.2,0.4,0.462,0.2,0.8,1,1.7,0.4,0.1,0.5,0.4,2.2
90,Max Christie,SG,19,LAL,39,3,13.1,1.1,2.7,0.415,0.7,1.6,0.419,0.5,1.1,0.409,0.538,0.4,0.4,0.875,0.2,1.7,1.9,0.5,0.2,0.2,0.3,0.8,3.3
91,Josh Christopher,SG,21,HOU,61,1,11.8,2.3,4.9,0.465,0.3,1.4,0.25,2,3.6,0.548,0.5,0.7,0.9,0.778,0.3,0.8,1,1.1,0.5,0.2,0.9,0.9,5.6
92,Brandon Clarke,PF,26,MEM,56,8,19.5,4.1,6.2,0.656,0,0.1,0.167,4.1,6.1,0.665,0.658,1.8,2.4,0.723,1.6,3.9,5.5,1.3,0.6,0.7,1,2.3,10
93,Jordan Clarkson,SG,30,UTA,61,61,32.6,7.5,16.9,0.444,2.5,7.5,0.338,5,9.4,0.53,0.519,3.3,4,0.816,1.2,2.9,4,4.4,0.5,0.2,3,2,20.8
94,Nic Claxton,C,23,BRK,73,73,29.7,5.5,7.7,0.707,0,0,0,5.5,7.7,0.709,0.707,1.7,3.3,0.527,2.4,6.8,9.2,1.9,0.8,2.5,1.3,2.8,12.6
95,Amir Coffey,SG,25,LAC,49,9,12.7,1.1,3,0.386,0.2,0.8,0.275,0.9,2.1,0.429,0.424,1,1.3,0.778,0.3,0.7,1.1,1.1,0.1,0.1,0.4,1,3.5
96,John Collins,PF,25,ATL,68,68,30.1,5,10,0.506,0.9,3.3,0.282,4.1,6.6,0.619,0.553,1.9,2.4,0.793,1.1,5.4,6.5,1.2,0.6,1,1.1,3.1,12.9
97,Zach Collins,C,25,SAS,62,25,22.7,4.4,8.6,0.515,0.9,2.3,0.375,3.6,6.3,0.567,0.566,1.7,2.2,0.763,1.8,4.5,6.3,2.8,0.6,0.7,2,3.1,11.5
98,Mike Conley,PG,35,TOT,64,63,30.3,3.8,9.1,0.42,2,5.2,0.378,1.8,3.9,0.476,0.528,2,2.4,0.838,0.5,2.3,2.8,6.8,1.1,0.2,1.5,2.1,11.6
98,Mike Conley,PG,35,UTA,43,42,29.7,3.6,8.7,0.408,1.8,5,0.362,1.8,3.8,0.469,0.511,1.8,2.2,0.813,0.4,2.1,2.5,7.7,1,0.2,1.7,2.2,10.7
98,Mike Conley,PG,35,MIN,21,21,31.5,4.3,9.8,0.442,2.3,5.7,0.408,2,4.1,0.488,0.561,2.4,2.8,0.879,0.8,2.6,3.4,5.1,1.3,0.1,1.2,1.9,13.4
99,Pat Connaughton,SG,30,MIL,60,32,24,2.8,7,0.393,1.8,5.4,0.34,0.9,1.7,0.566,0.523,0.5,0.7,0.659,0.8,3.9,4.7,1.3,0.6,0.2,0.6,1.2,7.8
100,Xavier Cooks,PF,27,WAS,6,0,3.7,0.3,0.3,1,0,0,,0.3,0.3,1,1,0,0,,0.5,0.7,1.2,0.3,0,0.2,0.5,0.3,0.7
101,Robert Covington,PF,32,LAC,46,0,16.3,2.2,4.9,0.44,1.1,2.9,0.388,1,2,0.516,0.556,0.7,0.9,0.75,0.6,2.8,3.4,1.2,0.8,0.7,0.7,1.8,6.1
102,Torrey Craig,SF,32,PHO,75,59,24.9,2.8,6.3,0.44,1.3,3.2,0.393,1.5,3,0.491,0.541,0.4,0.6,0.727,1.8,3.6,5.4,1.5,0.6,0.8,0.9,2.3,7.2
103,Jae Crowder,SF,32,MIL,14,0,17.9,1.6,3.9,0.426,0.9,2.6,0.361,0.7,1.3,0.556,0.546,0.6,0.8,0.818,0.9,2.7,3.6,1.4,0.4,0.4,0.4,1.4,4.9
104,Jarrett Culver,SG,23,ATL,10,1,13.7,1.7,4.3,0.395,0.1,1.2,0.083,1.6,3.1,0.516,0.407,0.9,1.3,0.692,1,2.8,3.8,0.6,0.6,0.2,0.7,1.4,4.4
105,Cade Cunningham,PG,21,DET,12,12,33.3,7.8,18.7,0.415,1.4,5.1,0.279,6.3,13.6,0.466,0.453,3,3.6,0.837,1,5.2,6.2,6,0.8,0.6,3.3,2.8,19.9
106,Seth Curry,SG,32,BRK,58,7,20.4,3.5,7.6,0.463,1.6,3.9,0.401,1.9,3.7,0.528,0.566,0.8,0.9,0.941,0.2,1.4,1.7,1.7,0.6,0.1,0.9,1.6,9.4
107,Stephen Curry,PG,34,GSW,53,53,34.9,10,20.4,0.492,4.9,11.5,0.425,5.1,8.9,0.579,0.612,4.6,5,0.913,0.7,5.4,6.1,6.3,0.9,0.4,3.3,2.1,29.5
108,Dyson Daniels,PG,19,NOP,56,11,18.1,1.5,3.6,0.413,0.5,1.5,0.313,1,2.1,0.483,0.478,0.4,0.7,0.622,0.6,2.6,3.2,2.3,0.8,0.2,1,1.8,3.8
109,Anthony Davis,C,29,LAL,52,50,33.9,9.9,17.4,0.571,0.4,1.4,0.264,9.6,16,0.598,0.582,6.3,8.1,0.788,3.5,8.9,12.4,2.5,1,2,2.2,2.7,26.6
110,Johnny Davis,SG,20,WAS,24,1,11.4,1.6,4,0.396,0.4,1.6,0.237,1.2,2.4,0.5,0.443,0.4,0.7,0.529,0.3,1.4,1.7,0.5,0.1,0.2,0.3,1.5,3.9
111,Terence Davis,SG,25,SAC,61,4,12.9,2.4,5.5,0.438,1.4,3.7,0.381,1,1.9,0.549,0.564,0.6,0.7,0.829,0.3,1.9,2.2,1,0.7,0.2,0.8,1.6,6.8
112,JD Davison,PG,20,BOS,10,0,2.7,0.5,1.3,0.385,0.1,0.4,0.25,0.4,0.9,0.444,0.423,0,0,,0.1,0.5,0.6,0.6,0.2,0,0.2,0.4,1.1
113,Darius Days,PF,23,HOU,4,0,6.3,1.3,3,0.417,0.8,2.5,0.3,0.5,0.5,1,0.542,0.5,0.5,1,0.3,1.3,1.5,0.3,0,0.3,0,0.5,3.8
114,Dewayne Dedmon,C,33,TOT,36,1,10.9,1.9,3.9,0.496,0.3,1.1,0.289,1.6,2.8,0.574,0.536,0.9,1.3,0.696,0.9,2.5,3.4,0.5,0.2,0.5,0.6,1.9,5
114,Dewayne Dedmon,C,33,MIA,30,0,11.7,2.1,4.3,0.496,0.4,1.2,0.297,1.8,3.1,0.576,0.539,1.1,1.5,0.727,0.9,2.7,3.6,0.5,0.2,0.5,0.6,2,5.7
114,Dewayne Dedmon,C,33,PHI,6,1,7.2,0.8,1.7,0.5,0,0.2,0,0.8,1.5,0.556,0.5,0,0.3,0,0.7,1.5,2.2,0.5,0.2,0.8,0.5,1.2,1.7
115,Matthew Dellavedova,PG,32,SAC,32,0,6.7,0.5,1.6,0.34,0.3,0.8,0.333,0.3,0.7,0.348,0.43,0.1,0.2,0.571,0,0.4,0.4,1.3,0.2,0,0.3,0.6,1.5
116,DeMar DeRozan,SF,33,CHI,71,71,36.4,9,17.7,0.508,0.6,1.9,0.331,8.4,15.9,0.529,0.526,6.3,7.2,0.87,0.5,4.2,4.7,5.1,1.1,0.5,2.1,2.5,24.9
117,Moussa Diabaté,PF,21,LAC,21,1,9.2,1.1,2.2,0.5,0,0.1,0.5,1,2.1,0.5,0.511,0.5,0.8,0.625,1.5,0.9,2.3,0.2,0.3,0.4,0.4,0.7,2.7
118,Mamadi Diakite,PF,26,CLE,20,2,6.8,0.8,1.9,0.405,0.3,0.9,0.294,0.5,1,0.5,0.473,0,0,,0.3,0.7,1,0.2,0.1,0.4,0.4,1,1.8
119,Hamidou Diallo,SG,24,DET,56,0,17.8,3.8,6.7,0.573,0.1,0.4,0.238,3.8,6.3,0.593,0.58,1.6,2.6,0.588,1,2.4,3.5,1,0.9,0.3,1.3,2.2,9.3
120,Gorgui Dieng,C,33,SAS,28,1,10.5,1.3,3.4,0.379,0.6,2.3,0.286,0.6,1.1,0.563,0.474,0.2,0.3,0.75,0.9,2.2,3,1.5,0.1,0.4,1,1.6,3.4
121,Ousmane Dieng,SF,19,OKC,36,0,14.3,1.9,4.5,0.414,0.7,2.4,0.273,1.2,2.1,0.581,0.488,0.3,0.5,0.588,0.5,2.2,2.7,1,0.4,0.2,0.6,1.1,4.7
122,Spencer Dinwiddie,PG,29,TOT,76,76,34.4,5.8,13.2,0.442,2.3,6.2,0.378,3.5,7,0.498,0.53,3.4,4.2,0.811,0.4,3,3.4,6.3,0.9,0.3,1.9,2.4,17.5
122,Spencer Dinwiddie,PG,29,DAL,53,53,34.1,6,13.1,0.455,2.6,6.4,0.405,3.4,6.7,0.504,0.555,3.2,3.9,0.821,0.4,2.7,3.1,5.3,0.7,0.3,1.7,2.3,17.7
122,Spencer Dinwiddie,PG,29,BRK,23,23,35.2,5.6,13.5,0.412,1.7,5.7,0.308,3.8,7.9,0.486,0.476,4,5,0.791,0.3,3.7,4.1,8.7,1.1,0.3,2.3,2.5,16.8
123,Donte DiVincenzo,SG,26,GSW,69,34,26.3,3.2,7.4,0.427,2,5.2,0.39,1.1,2.2,0.513,0.563,0.8,1,0.836,1.1,3.4,4.4,3.3,1.3,0.1,1.5,1.9,9.2
124,Luka Dončić,PG,23,DAL,64,64,36.5,11,22.2,0.498,2.8,8.2,0.347,8.2,14,0.586,0.562,7.8,10.6,0.742,0.8,7.8,8.7,8.1,1.4,0.5,3.7,2.5,32.8
125,Tyler Dorsey,SG,26,DAL,3,0,2.7,1.3,1.7,0.8,0.3,0.7,0.5,1,1,1,0.9,0,0,,0.3,0.3,0.7,0,0,0,0,0,3
126,Luguentz Dort,SG,23,OKC,72,71,30.8,4.6,11.8,0.39,1.9,5.6,0.338,2.7,6.3,0.437,0.469,2.7,3.4,0.777,1.7,3,4.6,2.1,1,0.3,1.2,3.3,13.8
127,Ayo Dosunmu,SG,23,CHI,76,50,26.3,3.5,7.1,0.495,0.8,2.4,0.322,2.8,4.8,0.582,0.549,0.8,1,0.81,0.6,2.2,2.8,2.6,0.8,0.3,1.3,2.4,8.7
128,Devon Dotson,PG,23,WAS,6,0,8.8,0.2,1.7,0.1,0.2,0.7,0.25,0,1,0,0.15,0,0,,1,0.7,1.7,1.3,0.8,0,0.5,1.5,0.5
129,Jeff Dowtin,PG,25,TOR,24,0,10.3,1,2.3,0.446,0.2,0.7,0.313,0.8,1.7,0.5,0.491,0.2,0.3,0.714,0.3,0.7,1,1.3,0.3,0.1,0.2,0.5,2.5
130,PJ Dozier,SG,26,SAC,13,0,2.5,0.3,1.1,0.286,0.1,0.5,0.143,0.2,0.5,0.429,0.321,0,0,,0,0.5,0.5,0.1,0.2,0.1,0.2,0.2,0.7
131,Goran Dragić,PG,36,TOT,55,0,14.7,2.4,5.6,0.421,0.9,2.4,0.358,1.5,3.2,0.469,0.498,0.5,0.7,0.659,0.2,1.1,1.3,2.6,0.2,0.1,1.1,1.2,6.1
131,Goran Dragić,PG,36,CHI,51,0,15.4,2.5,5.9,0.425,0.9,2.5,0.352,1.6,3.4,0.48,0.5,0.5,0.8,0.659,0.3,1.1,1.4,2.7,0.2,0.1,1.1,1.2,6.4
131,Goran Dragić,PG,36,MIL,4,0,5.5,0.8,2.5,0.3,0.8,1.5,0.5,0,1,0,0.45,0,0,,0,0.5,0.5,1,0.5,0,0.5,0.5,2.3
132,Andre Drummond,C,29,CHI,64,0,12.8,2.5,4.2,0.609,0,0,0,2.5,4.1,0.616,0.609,1,1.8,0.539,2.1,4.6,6.7,0.5,0.7,0.4,1.2,1.8,6
133,Chris Duarte,SF,25,IND,46,12,19.5,2.7,7.2,0.369,1.2,3.8,0.316,1.5,3.5,0.428,0.452,1.3,1.6,0.847,0.4,2.1,2.5,1.4,0.5,0.2,0.9,1.4,7.9
134,David Duke Jr.,SG,23,BRK,20,0,9,1.5,3.2,0.46,0.1,0.4,0.125,1.4,2.8,0.509,0.468,0.4,0.6,0.636,0.4,0.7,1.1,0.8,0.4,0.1,0.8,1.4,3.3
135,Kris Dunn,PG,28,UTA,18,0,23.8,4.8,9.3,0.515,0.7,1.7,0.433,4.1,7.6,0.533,0.554,1.6,2.2,0.718,0.4,3.5,3.9,5,1.1,0.5,1.4,2.5,11.8
136,Kevin Durant,PF-SF,34,TOT,45,45,35.5,10.4,18.4,0.564,1.9,4.8,0.394,8.5,13.6,0.624,0.615,6.6,7.1,0.928,0.4,6.3,6.7,5.1,0.8,1.4,3.3,2.2,29.3
136,Kevin Durant,PF,34,BRK,39,39,36,10.5,18.8,0.559,1.8,4.8,0.376,8.7,14,0.622,0.607,6.8,7.3,0.934,0.4,6.4,6.7,5.3,0.8,1.5,3.5,2.4,29.7
136,Kevin Durant,SF,34,PHO,6,6,32.5,9.7,16,0.604,2.3,4.5,0.519,7.3,11.5,0.638,0.677,5.2,5.8,0.886,0.3,6.2,6.5,3.7,0.3,1.3,2.2,1,26.8
137,Jalen Duren,C,19,DET,63,27,24.5,3.7,5.8,0.639,0,0,0,3.7,5.8,0.642,0.639,1.4,2.4,0.6,3.4,5.2,8.7,1.1,0.7,0.9,1.2,2.7,8.9
138,Tari Eason,PF,21,HOU,79,5,21.3,3.6,8,0.447,0.7,2.1,0.343,2.8,5.9,0.484,0.492,1.3,1.8,0.75,2.4,3.6,6,1,1.2,0.5,1.2,2.3,9.2
139,Anthony Edwards,SG,21,MIN,76,76,36.1,8.9,19.4,0.46,2.7,7.3,0.368,6.3,12.1,0.515,0.529,4,5.2,0.759,0.5,5.2,5.7,4.5,1.6,0.7,3.3,2.4,24.5
140,Kessler Edwards,SF,22,TOT,32,4,10.4,1.1,2.6,0.405,0.5,1.6,0.32,0.6,1.1,0.529,0.5,0.3,0.4,0.769,0.6,1,1.6,0.6,0.3,0.2,0.4,1.1,2.9
140,Kessler Edwards,SF,22,BRK,14,1,5.6,0.4,1.7,0.25,0.1,0.9,0.167,0.3,0.9,0.333,0.292,0.1,0.1,0.5,0.4,0.6,1,0.1,0.2,0.1,0.3,0.2,1.1
140,Kessler Edwards,SF,22,SAC,18,3,14.1,1.6,3.3,0.467,0.8,2.1,0.368,0.8,1.2,0.636,0.583,0.5,0.6,0.818,0.7,1.3,2.1,0.9,0.4,0.3,0.4,1.7,4.4
141,Keon Ellis,SG,23,SAC,13,0,3.8,0.5,1,0.538,0.5,0.8,0.6,0.1,0.2,0.333,0.769,0.2,0.2,0.667,0.3,0.3,0.6,0.3,0.2,0.1,0.1,0.7,1.7
142,Joel Embiid,C,28,PHI,64,64,34.6,10.9,20.2,0.542,1,3.1,0.33,9.9,17.1,0.58,0.567,10.1,11.8,0.858,1.7,8.4,10.2,4.2,1,1.7,3.5,3.1,33
143,Drew Eubanks,C,25,POR,76,26,20.1,2.6,4.1,0.648,0.1,0.2,0.333,2.6,3.9,0.661,0.655,1.1,1.6,0.664,1.7,3.6,5.3,1.3,0.5,1.2,0.9,2.2,6.4
144,Bruno Fernando,C,24,TOT,36,4,10.5,1.4,2.7,0.51,0,0,0,1.4,2.7,0.515,0.51,0.9,1.3,0.696,1.4,2.1,3.5,0.9,0.2,0.9,0.6,1.9,3.7
144,Bruno Fernando,C,24,HOU,31,4,11.7,1.5,3,0.516,0,0,0,1.5,3,0.522,0.516,1,1.4,0.682,1.5,2.4,3.9,1,0.2,1,0.6,2.2,4.1
144,Bruno Fernando,C,24,ATL,5,0,3,0.4,1,0.4,0,0,,0.4,1,0.4,0.4,0.4,0.4,1,0.4,0.4,0.8,0.2,0,0.2,0.4,0.2,1.2
145,Dorian Finney-Smith,PF,29,TOT,64,64,30.5,3,7.6,0.389,1.7,5.1,0.331,1.3,2.5,0.51,0.501,0.7,0.9,0.763,1.7,3,4.8,1.5,0.8,0.5,0.9,2.2,8.3
145,Dorian Finney-Smith,PF,29,DAL,40,40,32.2,3.2,7.8,0.416,1.9,5.4,0.355,1.3,2.3,0.559,0.54,0.8,1,0.75,1.7,3,4.7,1.5,1,0.5,0.9,2,9.1
145,Dorian Finney-Smith,PF,29,BRK,24,24,27.7,2.5,7.3,0.341,1.3,4.7,0.286,1.2,2.7,0.438,0.432,0.6,0.8,0.789,1.8,3,4.8,1.6,0.7,0.6,1,2.4,7
146,Malachi Flynn,PG,24,TOR,50,1,12.9,1.6,4.5,0.347,0.9,2.6,0.349,0.7,1.9,0.344,0.447,0.4,0.6,0.724,0.3,1.1,1.4,1.3,0.4,0.1,0.5,1.2,4.4
147,Simone Fontecchio,SF,27,UTA,48,6,13.9,2,5.5,0.361,1.1,3.4,0.327,0.9,2.1,0.416,0.462,0.7,0.9,0.786,0.5,0.9,1.4,0.8,0.3,0.2,0.7,1.1,5.8
148,Bryn Forbes,SG,29,MIN,25,0,10.7,1.2,3.3,0.361,0.6,1.8,0.304,0.6,1.5,0.432,0.446,0.6,0.6,1,0.2,0.4,0.6,0.7,0.3,0.1,0.5,0.9,3.6
149,Trent Forrest,PG,24,ATL,20,3,12.3,1.2,2.6,0.471,0,0.1,0,1.2,2.5,0.49,0.471,0.1,0.2,0.667,0.3,1.3,1.6,1.6,0.3,0.1,0.6,0.8,2.5
150,Michael Foster Jr.,PF,20,PHI,1,0,1,0,0,,0,0,,0,0,,,0,0,,0,0,0,0,0,0,0,0,0
151,Evan Fournier,SG,30,NYK,24,7,17.5,2.2,6.3,0.349,1.4,4.3,0.32,0.8,2,0.408,0.457,0.8,0.9,0.857,0.2,1.8,2,1.5,0.6,0.1,0.9,1.8,6.5
152,De'Aaron Fox,PG,25,SAC,70,70,33.7,9.4,18.2,0.516,1.6,5,0.327,7.7,13.1,0.588,0.561,4.8,6.2,0.777,0.5,3.7,4.2,6.1,1.2,0.3,2.5,2.4,25.2
153,Markelle Fultz,PG,24,ORL,57,57,30.1,5.8,11.4,0.512,0.4,1.4,0.305,5.4,9.9,0.541,0.531,1.9,2.5,0.782,1.2,2.8,4,5.7,1.5,0.5,2.4,2.2,14
154,Wenyen Gabriel,PF,25,LAL,64,2,15.2,2.3,3.9,0.596,0.2,0.5,0.294,2.2,3.4,0.644,0.616,0.8,1.3,0.619,1.8,2.4,4.2,0.5,0.4,0.5,0.7,2.2,5.6
155,Daniel Gafford,C,24,WAS,75,44,20.5,3.5,4.9,0.726,0,0,,3.5,4.9,0.726,0.726,1.5,2.3,0.657,2.1,3.4,5.4,1,0.4,1.3,1.1,2.4,8.6
156,Darius Garland,PG,23,CLE,68,68,35.4,7.6,16.4,0.464,2.5,6,0.412,5.1,10.4,0.494,0.539,4,4.7,0.862,0.4,2.3,2.7,7.8,1.3,0.1,2.9,2.2,21.7
157,Usman Garuba,PF,20,HOU,72,1,13,1.2,2.3,0.503,0.3,0.7,0.453,0.8,1.6,0.526,0.575,0.4,0.6,0.609,1.6,2.5,4.1,0.9,0.6,0.4,0.6,1.8,3.1
158,Luka Garza,C,24,MIN,27,0,8.8,2.3,4.1,0.55,0.5,1.4,0.368,1.7,2.7,0.644,0.613,1.5,1.9,0.788,1.1,1.1,2.2,0.7,0.1,0.1,0.5,1.6,6.6
159,Rudy Gay,PF,36,UTA,56,0,14.6,1.9,5.1,0.38,0.6,2.3,0.254,1.4,2.8,0.484,0.437,0.8,0.9,0.857,0.6,2.3,2.9,1,0.3,0.3,0.7,1.2,5.2
160,Paul George,SG,32,LAC,56,56,34.6,8.2,17.9,0.457,2.8,7.6,0.371,5.4,10.3,0.521,0.536,4.6,5.3,0.871,0.8,5.3,6.1,5.1,1.5,0.4,3.1,2.8,23.8
161,Taj Gibson,C,37,WAS,49,2,9.8,1.3,2.6,0.52,0.2,0.5,0.333,1.2,2.1,0.564,0.552,0.6,0.9,0.714,0.7,1.2,1.9,0.7,0.3,0.2,0.5,1.7,3.4
162,Josh Giddey,SG,20,OKC,74,74,31.1,7.1,14.7,0.483,1,3,0.326,6.1,11.7,0.524,0.517,1.4,1.9,0.736,2,5.9,7.9,6.2,0.7,0.4,2.8,1.9,16.6
163,Shai Gilgeous-Alexander,PG,24,OKC,66,66,35.5,10.4,20.4,0.51,0.8,2.4,0.346,9.6,18,0.532,0.53,9.9,10.9,0.908,0.8,4,4.8,5.4,1.7,1,2.8,2.8,31.5
164,Anthony Gill,PF,30,WAS,55,5,9.9,1.1,2,0.559,0.1,0.4,0.13,1.1,1.6,0.67,0.572,0.8,1,0.786,0.6,1,1.6,0.5,0.1,0.2,0.2,1.1,3.1
165,Rudy Gobert,C,30,MIN,67,67,30.9,5.2,7.9,0.658,0,0,0,5.2,7.9,0.662,0.658,3.2,5,0.648,3.4,8.4,11.7,1.2,0.8,1.3,1.8,3.1,13.7
166,Jordan Goodwin,PG,24,WAS,58,4,17.2,2.4,5.2,0.451,0.6,1.7,0.33,1.8,3.5,0.51,0.505,0.8,1.1,0.762,0.9,2.3,3.2,2.5,0.9,0.4,0.8,1.5,6.1
167,Aaron Gordon,PF,27,DEN,66,66,30.2,6.3,11.2,0.564,0.9,2.6,0.347,5.4,8.6,0.628,0.603,2.8,4.7,0.612,2.4,4.1,6.6,3,0.8,0.7,1.5,1.9,16.4
168,Eric Gordon,SG,34,TOT,66,55,28.8,4.3,9.6,0.45,1.9,5.1,0.374,2.4,4.5,0.537,0.55,2.2,2.6,0.821,0.2,1.7,2,2.7,0.6,0.4,1.5,1.1,12.7
168,Eric Gordon,SG,34,HOU,47,47,30.2,4.5,10.2,0.439,1.8,5.2,0.347,2.7,5,0.536,0.528,2.3,2.9,0.815,0.3,1.8,2.1,2.9,0.6,0.4,1.8,1,13.1
168,Eric Gordon,SG,34,LAC,19,8,25.5,3.9,8.1,0.484,2.2,4.8,0.446,1.7,3.2,0.541,0.618,1.7,2,0.842,0.2,1.5,1.7,2.2,0.6,0.4,0.9,1.6,11.6
169,Devonte' Graham,PG,27,TOT,72,7,18.2,2.2,5.9,0.374,1.6,4.6,0.351,0.6,1.3,0.456,0.512,1.3,1.8,0.752,0.3,1.4,1.7,2.7,0.6,0.2,0.7,1.1,7.4
169,Devonte' Graham,PG,27,NOP,53,0,15.3,1.6,4.4,0.368,1.2,3.6,0.347,0.4,0.8,0.463,0.511,0.8,1.1,0.746,0.2,1.1,1.4,2.2,0.6,0.2,0.5,0.9,5.3
169,Devonte' Graham,PG,27,SAS,19,7,26.3,3.8,10.1,0.38,2.7,7.5,0.357,1.2,2.6,0.449,0.513,2.8,3.7,0.757,0.4,2.2,2.6,4.1,0.7,0.3,1.3,1.5,13.2
170,Jerami Grant,PF,28,POR,63,63,35.7,6.9,14.5,0.475,2.3,5.7,0.401,4.6,8.8,0.523,0.554,4.4,5.4,0.813,0.8,3.7,4.5,2.4,0.8,0.8,1.8,2.4,20.5
171,A.J. Green,SG,23,MIL,33,0,9.7,1.5,3.5,0.44,1.3,2.9,0.433,0.3,0.6,0.474,0.621,0.1,0.1,1,0.2,1,1.2,0.6,0.2,0,0.3,0.9,4.5
172,Danny Green,SG,35,TOT,9,0,9.8,1,2.6,0.391,0.9,2,0.444,0.1,0.6,0.2,0.565,0.1,0.1,1,0.2,0.6,0.8,0.2,0.3,0.1,0.7,1.1,3
172,Danny Green,SG,35,MEM,3,0,14.3,1,3.7,0.273,1,2.7,0.375,0,1,0,0.409,0,0,,0.3,1,1.3,0.7,0.3,0,1,2,3
172,Danny Green,SG,35,CLE,6,0,7.5,1,2,0.5,0.8,1.7,0.5,0.2,0.3,0.5,0.708,0.2,0.2,1,0.2,0.3,0.5,0,0.3,0.2,0.5,0.7,3
173,Draymond Green,PF,32,GSW,70,70,31.6,3.4,6.5,0.525,0.5,1.8,0.306,2.9,4.7,0.608,0.567,1,1.5,0.709,0.9,6.4,7.3,6.9,1,0.8,2.8,3.2,8.4
174,Jalen Green,SG,20,HOU,73,73,34.2,7.4,17.8,0.416,2.5,7.3,0.335,4.9,10.5,0.473,0.485,4.8,6.1,0.786,0.6,3.2,3.7,3.7,0.8,0.2,2.7,1.8,22.1
175,JaMychal Green,PF,32,GSW,56,1,14,2.4,4.5,0.54,0.8,2,0.382,1.7,2.5,0.664,0.624,0.9,1.2,0.776,1.3,2.4,3.6,0.9,0.4,0.4,0.9,1.9,6.5
176,Javonte Green,SG,29,CHI,31,1,15.1,2,3.4,0.575,0.4,1.1,0.382,1.5,2.3,0.667,0.637,0.9,1.4,0.674,0.9,1.9,2.7,0.7,0.7,0.7,0.6,1.7,5.3
177,Jeff Green,PF,36,DEN,53,4,19.6,2.9,5.9,0.492,0.5,1.8,0.284,2.4,4.1,0.583,0.535,1.5,2,0.743,0.7,1.9,2.6,1.2,0.3,0.3,0.8,1.8,7.8
178,Josh Green,SG,22,DAL,59,21,25.6,3.4,6.4,0.533,1.1,2.8,0.398,2.3,3.6,0.64,0.621,1.2,1.6,0.723,0.9,2,2.9,1.7,0.7,0.1,1.2,2.6,9.1
179,AJ Griffin,SF,19,ATL,69,11,19.2,3.4,7.3,0.466,1.4,3.6,0.386,2,3.7,0.543,0.561,0.6,0.6,0.905,0.5,1.6,2.1,1,0.6,0.2,0.6,1.2,8.7
180,Blake Griffin,C,33,BOS,37,15,14.1,1.6,3.4,0.484,0.6,1.6,0.344,1.1,1.7,0.619,0.569,0.6,0.9,0.656,1.1,2.6,3.8,1.4,0.4,0.2,0.5,1.9,4.4
181,Quentin Grimes,SG,22,NYK,68,63,29.6,3.8,8.2,0.459,2.1,5.5,0.381,1.6,2.6,0.622,0.588,1.1,1.4,0.796,0.7,2.6,3.2,2.1,0.6,0.4,1,2.5,10.7
182,Rui Hachimura,PF,24,TOT,59,9,23.4,4.5,9.3,0.487,0.8,2.5,0.331,3.7,6.7,0.545,0.532,1.4,1.9,0.739,0.8,3.7,4.5,0.9,0.3,0.4,0.9,1.2,11.2
182,Rui Hachimura,PF,24,WAS,30,0,24.3,5.3,10.8,0.488,1,3,0.337,4.3,7.8,0.545,0.534,1.5,1.9,0.759,0.6,3.6,4.3,1.2,0.4,0.4,1.2,1.3,13
182,Rui Hachimura,PF,24,LAL,29,9,22.4,3.7,7.7,0.486,0.7,2,0.322,3.1,5.6,0.546,0.529,1.3,1.8,0.717,1,3.7,4.7,0.6,0.3,0.4,0.6,1,9.4
183,Tyrese Haliburton,PG,22,IND,56,56,33.6,7.4,15,0.49,2.9,7.2,0.4,4.5,7.8,0.572,0.586,3.1,3.6,0.871,0.6,3.1,3.7,10.4,1.6,0.4,2.5,1.2,20.7
184,Jordan Hall,SF,21,SAS,9,0,9.2,1,3.1,0.321,0.3,1.7,0.2,0.7,1.4,0.462,0.375,0.8,1,0.778,0.3,1,1.3,1.2,0.1,0,0.8,0.7,3.1
185,R.J. Hampton,PG,21,TOT,43,1,15.5,2,4.8,0.422,0.8,2.4,0.353,1.2,2.4,0.49,0.51,1.2,1.7,0.736,0.4,1.3,1.7,1.2,0.6,0.1,0.9,1,6.1
185,R.J. Hampton,PG,21,ORL,26,0,13.9,1.9,4.4,0.439,0.7,2,0.34,1.2,2.3,0.525,0.518,1.2,1.4,0.838,0.3,1.2,1.5,1.3,0.6,0.2,0.8,0.8,5.7
185,R.J. Hampton,PG,21,DET,17,1,17.9,2.2,5.4,0.402,1.1,2.9,0.367,1.1,2.5,0.442,0.5,1.3,2.1,0.629,0.4,1.6,2,0.9,0.6,0.1,1.1,1.3,6.7
186,Tim Hardaway Jr.,SG,30,DAL,70,44,30.2,4.7,11.9,0.399,3,7.7,0.382,1.8,4.2,0.43,0.523,1.8,2.3,0.765,0.3,3.2,3.5,1.8,0.7,0.2,0.9,1.7,14.2
187,James Harden,PG,33,PHI,56,56,36.9,6.4,14.5,0.442,2.8,7.2,0.385,3.6,7.3,0.498,0.537,5.5,6.4,0.866,0.7,5.4,6.2,10.8,1.3,0.5,3.4,2,21.1
188,Jaden Hardy,SG,20,DAL,45,3,14.4,2.9,6.6,0.438,1.3,3.1,0.418,1.6,3.5,0.455,0.537,1.4,1.7,0.818,0.2,1.6,1.8,1.3,0.4,0.1,1,1.4,8.5
189,Ron Harper Jr.,SF,22,TOR,6,0,3,0.7,1.3,0.5,0.3,0.8,0.4,0.3,0.5,0.667,0.625,0,0,,0.3,0.2,0.5,0,0,0,0,0,1.7
190,Montrezl Harrell,C,29,PHI,54,7,11.8,2.1,3.5,0.595,0,0.1,0,2.1,3.4,0.608,0.595,1.1,1.6,0.69,1.1,1.5,2.6,0.6,0.3,0.5,0.6,1.4,5.3
191,Gary Harris,SG,28,ORL,47,41,24.7,2.9,6.4,0.455,2,4.5,0.437,0.9,1.9,0.5,0.61,0.6,0.6,0.9,0.4,1.6,2,1.2,1,0.3,0.6,2,8.4
192,Joe Harris,SG,31,BRK,71,33,20.8,2.7,6,0.454,1.9,4.5,0.423,0.8,1.5,0.547,0.612,0.2,0.3,0.625,0.3,1.9,2.2,1.4,0.5,0.2,0.6,2,7.5
193,Kevon Harris,SG,25,ORL,31,0,12.4,1.1,2.7,0.41,0.4,1,0.367,0.7,1.7,0.434,0.476,0.7,0.9,0.815,0.8,1.1,1.9,0.4,0.5,0.1,0.5,1.4,3.3
194,Tobias Harris,PF,30,PHI,72,72,33,5.8,11.5,0.503,1.7,4.4,0.391,4.1,7.1,0.572,0.578,1.5,1.8,0.874,0.9,4.8,5.7,2.5,0.9,0.6,1.2,2,14.8
195,Shaquille Harrison,SG,29,POR,2,0,21,1.5,3.5,0.429,1,1.5,0.667,0.5,2,0.25,0.571,0,0.5,0,0,4.5,4.5,5,1.5,0,1,3,4
196,Josh Hart,SF-SG,27,TOT,73,51,32.3,3.7,6.8,0.536,0.8,2.2,0.38,2.8,4.7,0.609,0.596,1.7,2.3,0.749,1.8,5.9,7.7,3.8,1.1,0.3,1.5,2.6,9.8
196,Josh Hart,SF,27,POR,51,51,33.4,3.6,7.1,0.504,0.7,2.2,0.304,2.9,4.9,0.594,0.551,1.7,2.3,0.731,1.9,6.3,8.2,3.9,1.1,0.2,1.5,2.6,9.5
196,Josh Hart,SG,27,NYK,22,0,29.7,3.8,6.1,0.622,1.2,2.1,0.565,2.6,4,0.652,0.719,1.7,2.2,0.792,1.8,4.9,6.7,3.5,1.3,0.5,1.5,2.5,10.5
197,Isaiah Hartenstein,C,24,NYK,79,7,19.9,2.1,4,0.534,0.1,0.5,0.216,2,3.5,0.576,0.546,0.6,0.9,0.676,2.6,4,6.6,1.1,0.7,0.8,0.8,2.6,4.9
198,Udonis Haslem,C,42,MIA,6,1,7.7,0.2,2,0.083,0,0.3,0,0.2,1.7,0.1,0.083,0.2,0.3,0.5,0.7,0.7,1.3,0,0.2,0.2,0,1.3,0.5
199,Sam Hauser,PF,25,BOS,76,5,15.6,2.1,4.7,0.451,1.6,3.9,0.417,0.5,0.7,0.636,0.627,0.2,0.2,0.706,0.4,2,2.5,0.8,0.3,0.3,0.3,1.3,6
200,Jaxson Hayes,C,22,NOP,46,2,13.2,1.9,3.4,0.555,0.1,0.6,0.103,1.8,2.7,0.659,0.565,1.3,1.8,0.699,0.8,2,2.8,0.7,0.4,0.4,0.7,1.5,5.1
201,Killian Hayes,PG,21,DET,72,52,27.7,4,10.6,0.374,1,3.7,0.278,2.9,6.9,0.425,0.423,1.1,1.3,0.802,0.3,2.5,2.8,6.2,1.4,0.3,2.2,2.9,10
202,Gordon Hayward,SF,32,CHO,50,50,31.5,5.5,11.6,0.475,1,3.2,0.325,4.5,8.4,0.532,0.52,2.6,3.2,0.811,0.7,3.6,4.3,4.1,0.8,0.2,2,1.4,14.7
203,Juancho Hernangómez,PF,27,TOR,42,10,14.6,1.1,2.7,0.421,0.4,1.6,0.254,0.7,1.1,0.66,0.496,0.2,0.4,0.563,0.6,2.3,2.9,0.6,0.4,0.1,0.4,1,2.9
204,Willy Hernangómez,C,28,NOP,38,2,12.1,2.3,4.4,0.527,0.1,0.3,0.273,2.3,4.2,0.544,0.536,2.1,2.7,0.779,1.5,3.2,4.7,0.9,0.4,0.3,1,1.7,6.9
205,Tyler Herro,SG,23,MIA,64,64,35.3,7.4,16.8,0.439,3.1,8.1,0.376,4.3,8.6,0.498,0.53,2.5,2.7,0.931,0.4,5,5.5,4.2,0.8,0.3,2.4,1.5,20.3
206,Buddy Hield,SF,30,IND,77,73,31.4,5.9,13.1,0.453,3.6,8.5,0.42,2.4,4.6,0.514,0.589,1.3,1.6,0.824,0.9,4.2,5,2.8,1.2,0.3,1.8,2,16.8
207,Haywood Highsmith,SF,26,MIA,51,9,17.5,1.7,3.9,0.429,0.7,2,0.35,1,1.9,0.516,0.52,0.2,0.5,0.462,1,2.4,3.3,0.7,0.7,0.3,0.7,1.5,4.3
208,George Hill,PG,36,TOT,44,1,18,1.6,3.5,0.455,0.6,2,0.322,1,1.5,0.627,0.545,0.9,1.1,0.76,0.3,1.5,1.8,2.3,0.6,0.1,0.7,1.2,4.7
208,George Hill,PG,36,MIL,35,0,19.1,1.7,3.8,0.447,0.7,2.1,0.311,1,1.7,0.621,0.534,1,1.3,0.739,0.4,1.5,1.9,2.5,0.5,0.1,0.8,1.2,5
208,George Hill,PG,36,IND,9,1,14,1.2,2.4,0.5,0.6,1.4,0.385,0.7,1,0.667,0.614,0.4,0.4,1,0.1,1.4,1.6,1.4,0.7,0.3,0.6,1.1,3.4
209,Malcolm Hill,SF,27,CHI,5,0,1.8,0.4,0.8,0.5,0.2,0.6,0.333,0.2,0.2,1,0.625,0,0,,0,0.6,0.6,0,0,0,0,0.2,1
210,Aaron Holiday,PG,26,ATL,59,5,13.3,1.5,3.5,0.424,0.6,1.4,0.407,0.9,2.1,0.435,0.505,0.4,0.5,0.833,0.4,0.8,1.2,1.3,0.5,0.2,0.5,1.3,3.9
211,Jrue Holiday,PG,32,MIL,65,63,32.6,7.2,15.2,0.477,2.3,6.1,0.383,4.9,9,0.541,0.554,2.3,2.7,0.864,1.2,3.8,5,7.2,1.2,0.4,2.9,1.7,19.1
212,Justin Holiday,SG,33,TOT,44,2,14.9,1.6,4.2,0.38,1,3,0.333,0.6,1.2,0.5,0.5,0.1,0.2,0.714,0.1,1,1.1,0.9,0.4,0.4,0.5,1.4,4.3
212,Justin Holiday,SG,33,ATL,28,0,14.7,1.7,4.5,0.384,1.1,3.1,0.345,0.6,1.4,0.474,0.504,0,0,,0.1,0.8,0.8,0.9,0.2,0.4,0.4,1.3,4.5
212,Justin Holiday,SG,33,DAL,16,2,15.4,1.4,3.7,0.373,0.9,2.8,0.311,0.5,0.9,0.571,0.492,0.3,0.4,0.714,0.1,1.4,1.5,0.8,0.7,0.5,0.6,1.6,3.9
213,Richaun Holmes,C,29,SAC,39,1,8.3,1.3,1.9,0.658,0.1,0.2,0.667,1.2,1.8,0.657,0.684,0.4,0.5,0.789,0.7,1.2,1.9,0.2,0.1,0.3,0.4,1.2,3.1
214,Al Horford,C,36,BOS,61,61,30.5,3.6,7.5,0.479,2.3,5,0.451,1.3,2.5,0.536,0.631,0.2,0.3,0.714,1.1,5,6.2,3,0.5,1,0.6,1.9,9.7
215,Talen Horton-Tucker,SG,22,UTA,64,19,19.9,3.9,9.3,0.422,0.9,3.1,0.291,3,6.1,0.489,0.471,1.8,2.4,0.755,0.6,2.6,3.2,3.7,0.6,0.4,1.9,1.7,10.5
216,Danuel House Jr.,SF,29,PHI,52,4,14,1.6,3.3,0.482,0.7,1.9,0.356,0.9,1.3,0.667,0.588,0.6,0.9,0.702,0.2,1.4,1.6,0.7,0.3,0.2,0.4,1.2,4.5
217,Caleb Houstan,SF,20,ORL,48,2,15,1.2,3.2,0.361,0.8,2.4,0.33,0.4,0.8,0.45,0.484,0.2,0.3,0.846,0.6,1.3,2,0.5,0.2,0.1,0.3,1.3,3.4
218,Trevor Hudgins,PG,23,HOU,5,0,5.6,0.4,1.8,0.222,0.4,1.6,0.25,0,0.2,0,0.333,0.6,0.6,1,0,0,0,0.6,0,0,0.2,0.2,1.8
219,Kevin Huerter,SG,24,SAC,72,72,29.6,5.6,11.6,0.486,2.8,6.9,0.405,2.8,4.7,0.604,0.606,1.3,1.8,0.725,0.5,2.8,3.3,2.9,1,0.3,1.3,2.4,15.3
220,Jay Huff,C,24,WAS,4,0,3.8,0.3,0.5,0.5,0,0.3,0,0.3,0.3,1,0.5,1.3,1.3,1,0,1,1,0.8,0,0,0.5,0.3,1.8
221,De'Andre Hunter,SF,25,ATL,65,65,32,5.7,12.3,0.459,1.5,4.3,0.351,4.2,8,0.516,0.52,2.6,3.1,0.823,0.7,3.6,4.3,1.4,0.5,0.3,1.2,3,15.4
222,Bones Hyland,PG,22,TOT,53,1,19.3,4.1,10.2,0.399,2.1,5.6,0.376,2,4.6,0.426,0.502,1.5,1.8,0.844,0.4,1.9,2.3,3.1,0.7,0.3,1.5,1.7,11.8
222,Bones Hyland,PG,22,DEN,42,1,19.5,4.1,10.3,0.399,2.2,5.7,0.378,2,4.6,0.425,0.503,1.7,2,0.866,0.2,1.8,2,3,0.7,0.3,1.6,1.6,12.1
222,Bones Hyland,PG,22,LAC,11,0,18.6,3.9,9.8,0.398,1.9,5.2,0.368,2,4.6,0.431,0.495,0.9,1.3,0.714,0.8,2.5,3.3,3.5,0.8,0.2,1.1,2.3,10.6
223,Serge Ibaka,C,33,MIL,16,0,11.6,1.6,3.4,0.481,0.4,1.1,0.333,1.3,2.3,0.556,0.537,0.5,0.8,0.615,0.9,1.8,2.8,0.3,0.1,0.4,0.7,1.4,4.1
224,Andre Iguodala,SF,39,GSW,8,0,14.1,0.9,1.9,0.467,0.1,1.1,0.111,0.8,0.8,1,0.5,0.3,0.4,0.667,0.4,1.8,2.1,2.4,0.5,0.4,1.1,1.4,2.1
225,Joe Ingles,SF,35,MIL,43,0,22.6,2.3,5.4,0.431,1.8,4.4,0.404,0.6,1,0.545,0.595,0.4,0.5,0.857,0.3,2.6,2.9,3.2,0.7,0.1,1.1,1.7,6.8
226,Brandon Ingram,SF,25,NOP,41,41,33.5,9,18.5,0.485,1.5,3.7,0.401,7.5,14.8,0.506,0.525,5.1,5.8,0.882,0.4,4.8,5.2,5.6,0.6,0.4,3.1,2.6,24.5
227,Kyrie Irving,PG,30,TOT,59,59,37.2,9.9,20,0.493,3.1,8.2,0.374,6.8,11.8,0.576,0.57,4.2,4.6,0.904,1,4.1,5.1,5.5,1.1,0.8,2.1,2.7,27
227,Kyrie Irving,PG,30,BRK,40,40,37,10,20.5,0.486,3.3,8.7,0.374,6.7,11.8,0.569,0.565,4,4.5,0.883,1,4.2,5.1,5.3,1,0.8,2.3,2.7,27.1
227,Kyrie Irving,PG,30,DAL,19,19,37.8,9.7,19,0.51,2.7,7.3,0.377,6.9,11.7,0.592,0.582,4.6,4.9,0.946,1.1,3.9,5.1,5.9,1.2,0.6,1.8,2.8,26.7
228,Jonathan Isaac,PF,25,ORL,11,0,11.3,2,4.8,0.415,0.5,1.4,0.4,1.5,3.5,0.421,0.472,0.5,0.8,0.556,1.4,2.6,4,0.5,1.3,0.4,0.4,0.5,5
229,Jaden Ivey,SG,20,DET,70,69,30.7,5.3,12.9,0.412,1.6,4.6,0.337,3.8,8.3,0.453,0.472,3.6,4.8,0.743,1,2.9,3.9,5.1,0.8,0.2,3.1,3.3,15.8
230,Frank Jackson,PG,24,UTA,1,0,5,0,3,0,0,1,0,0,2,0,0,0,0,,1,1,2,1,0,0,0,0,0
231,Isaiah Jackson,C,21,IND,60,10,16.1,2.8,5,0.562,0,0.2,0.143,2.8,4.8,0.582,0.565,1.4,2.2,0.647,1.8,2.6,4.3,0.8,0.5,1.5,0.8,2.4,7.1
232,Jaren Jackson Jr.,C,23,MEM,60,60,28.1,6.4,12.8,0.503,1.5,4.4,0.346,4.9,8.4,0.587,0.563,3.6,4.6,0.78,1.7,5.1,6.8,0.9,1.1,3,1.7,3.6,18
233,Justin Jackson,SF,27,BOS,23,0,4.7,0.3,1.2,0.259,0.2,0.9,0.25,0.1,0.3,0.286,0.352,0,0.1,0.5,0.1,0.7,0.7,0.4,0.2,0.2,0.1,0.3,0.9
234,Quenton Jackson,PG,24,WAS,5,0,5.8,0.8,2,0.4,0.2,1,0.2,0.6,1,0.6,0.45,0.4,0.4,1,0.2,0.2,0.4,0.4,0.2,0.2,0,0.6,2.2
235,Reggie Jackson,PG,32,TOT,64,39,24.5,3.8,9.3,0.406,1.4,4.2,0.337,2.4,5.2,0.462,0.482,1,1.2,0.905,0.4,1.7,2.1,3.4,0.7,0.1,1.7,1.7,10
235,Reggie Jackson,PG,32,LAC,52,38,25.7,4.1,9.8,0.418,1.5,4.2,0.35,2.6,5.6,0.469,0.493,1.2,1.3,0.924,0.4,1.8,2.2,3.5,0.7,0.1,1.8,1.8,10.9
235,Reggie Jackson,PG,32,DEN,12,1,19,2.4,7.2,0.337,1.1,3.9,0.277,1.3,3.3,0.41,0.413,0.5,0.7,0.75,0.3,1.2,1.4,2.8,0.5,0.1,1.3,1.3,6.4
236,LeBron James,PF,38,LAL,51,50,35.6,11,22.1,0.499,2,6.7,0.303,9,15.5,0.584,0.545,4.7,6.1,0.766,1.3,7.2,8.5,6.9,0.9,0.6,3.1,1.7,28.8
237,Ty Jerome,SG,25,GSW,44,2,18.5,2.7,5.5,0.488,0.8,2,0.389,1.9,3.5,0.546,0.56,0.9,0.9,0.927,0.2,1.6,1.8,3.1,0.5,0.1,0.7,1.5,7
238,Isaiah Joe,SG,23,OKC,71,10,19,3.1,6.9,0.444,2.2,5.4,0.408,0.9,1.5,0.57,0.603,1.1,1.3,0.817,0.4,2,2.4,1.2,0.6,0.1,0.5,1.4,9.4
239,Alize Johnson,PF,26,SAS,4,0,7.5,0.8,1.5,0.5,0,0.5,0,0.8,1,0.75,0.5,0.3,0.5,0.5,0.5,2,2.5,0.3,0.3,0,1,0.8,1.8
240,Cameron Johnson,PF,26,TOT,39,38,28.3,5.3,11.3,0.464,2.5,6.2,0.399,2.8,5.1,0.543,0.574,2.5,2.9,0.835,0.8,3.6,4.4,1.8,1.1,0.3,0.8,2.1,15.5
240,Cameron Johnson,PF,26,PHO,17,16,25.2,4.8,10.2,0.474,2.6,5.8,0.455,2.2,4.4,0.5,0.604,1.6,1.9,0.818,0.8,3,3.8,1.5,0.9,0.4,0.6,1.7,13.9
240,Cameron Johnson,PF,26,BRK,22,22,30.7,5.6,12.2,0.457,2.4,6.5,0.361,3.2,5.7,0.568,0.554,3.1,3.7,0.841,0.7,4.1,4.8,2.1,1.3,0.3,1,2.4,16.7
241,Jalen Johnson,SF,21,ATL,66,6,14.5,2,4.3,0.477,0.4,1.4,0.29,1.6,2.9,0.568,0.525,0.7,1,0.662,0.8,3.2,4,1.1,0.5,0.4,0.5,1.6,5.2
242,James Johnson,PF,35,IND,16,1,8.6,1,2.4,0.421,0.2,0.8,0.231,0.8,1.6,0.52,0.461,0.3,0.5,0.5,0.1,1.3,1.4,0.7,0.3,0.4,0.3,1.8,2.4
243,Keldon Johnson,SF,23,SAS,62,62,32.8,8,17.6,0.453,2.1,6.4,0.333,5.8,11.1,0.522,0.514,3.9,5.2,0.747,0.9,4.2,5,2.9,0.7,0.2,2.1,2,22
244,Keon Johnson,SG,20,POR,40,0,10.4,1.7,4.5,0.376,0.7,2,0.346,1,2.4,0.402,0.455,0.7,1,0.659,0.3,0.8,1.1,1.5,0.5,0.2,1.1,1.1,4.7
245,Stanley Johnson,SF,26,SAS,30,0,15.6,2.2,4.1,0.533,0.6,1.3,0.45,1.6,2.7,0.573,0.607,0.9,1.3,0.667,0.7,2.4,3.2,2.2,0.5,0.2,1.1,1.6,5.8
246,Nikola Jokić,C,27,DEN,67,67,33.9,9.5,15,0.634,0.9,2.2,0.39,8.7,12.8,0.676,0.663,5.1,6.1,0.823,2.5,9.4,11.9,9.9,1.2,0.7,3.5,2.6,24.9
247,Carlik Jones,PG,25,CHI,4,0,7,0.3,1.8,0.143,0,0.3,0,0.3,1.5,0.167,0.143,0.3,1,0.25,0.3,0.5,0.8,0.5,0,0,0.3,0.5,0.8
248,Damian Jones,C,27,TOT,37,1,10.4,1.1,1.9,0.594,0.2,0.4,0.538,0.9,1.5,0.607,0.645,0.5,0.7,0.76,1,1.8,2.8,0.3,0.2,0.5,0.5,1.2,2.9
248,Damian Jones,C,27,LAL,22,1,8,0.9,1.7,0.541,0,0.1,0,0.9,1.5,0.588,0.541,0.7,0.9,0.75,0.8,1.7,2.5,0.2,0.1,0.5,0.4,0.8,2.5
248,Damian Jones,C,27,UTA,15,0,13.9,1.4,2.1,0.656,0.5,0.7,0.7,0.9,1.5,0.636,0.766,0.3,0.3,0.8,1.2,1.9,3.1,0.5,0.3,0.5,0.7,1.8,3.5
249,Derrick Jones Jr.,SF,25,CHI,60,0,14,1.8,3.6,0.507,0.4,1.2,0.333,1.4,2.4,0.59,0.561,1,1.4,0.756,0.9,1.4,2.4,0.6,0.4,0.6,0.4,1.3,5
250,Herbert Jones,SF,24,NOP,62,62,29.1,3.4,7.4,0.46,0.8,2.5,0.316,2.6,4.9,0.533,0.513,1.8,2.4,0.753,1.5,2.6,4,2.4,1.6,0.6,1.3,3.2,9.4
251,Kai Jones,C,22,CHO,43,0,11.4,1.4,2.5,0.575,0.1,0.3,0.214,1.3,2.1,0.63,0.59,0.4,0.6,0.72,0.8,1.9,2.7,0.3,0.3,0.6,0.7,1.4,3.3
252,Tre Jones,PG,23,SAS,64,61,29.2,4.9,10.9,0.451,0.6,2.3,0.272,4.3,8.6,0.498,0.479,2.1,2.5,0.86,0.8,2.7,3.5,6.4,1.4,0.1,1.6,1.5,12.5
253,Tyus Jones,PG,26,MEM,77,21,24.1,3.9,8.9,0.44,1.5,4.1,0.378,2.4,4.9,0.492,0.526,1,1.2,0.792,0.4,2.1,2.5,5.1,1,0.1,0.9,0.4,10.4
254,DeAndre Jordan,C,34,DEN,36,6,14.5,2.1,2.8,0.755,0,0,1,2.1,2.8,0.752,0.76,0.5,1.2,0.432,1.2,3.8,5,0.9,0.3,0.6,1.2,1.9,4.8
255,Cory Joseph,PG,31,DET,58,2,19,2.3,5.4,0.431,1,2.6,0.386,1.3,2.8,0.475,0.526,1,1.2,0.803,0.3,1.4,1.7,3.4,0.5,0.2,0.9,1.4,6.7
256,Nikola Jović,PF,19,MIA,15,8,13.6,1.9,4.6,0.406,0.5,2.3,0.229,1.3,2.3,0.588,0.464,1.2,1.3,0.947,0.6,1.5,2.1,0.7,0.5,0.1,0.7,1.3,5.5
257,Johnny Juzang,SF,21,UTA,15,0,12.3,1.8,5.3,0.338,0.9,3.6,0.259,0.9,1.7,0.5,0.425,0.1,0.3,0.5,0.3,1.7,2,0.5,0.2,0.2,0.1,0.8,4.7
258,Mfiondu Kabengele,PF,25,BOS,2,0,7,0.5,1,0.5,0,0.5,0,0.5,0.5,1,0.5,0,0,,1.5,1,2.5,0,0,0,0.5,1.5,1
259,Frank Kaminsky,C,29,TOT,35,0,6.2,0.8,1.6,0.5,0.3,0.9,0.4,0.5,0.7,0.615,0.607,0.4,0.5,0.875,0.1,1.2,1.3,0.8,0.2,0.1,0.3,0.6,2.3
259,Frank Kaminsky,C,29,ATL,26,0,6.8,1,1.7,0.568,0.4,0.9,0.478,0.5,0.8,0.667,0.693,0.4,0.5,0.833,0.1,1.3,1.4,0.8,0.2,0,0.3,0.8,2.7
259,Frank Kaminsky,C,29,HOU,9,0,4.7,0.3,1.3,0.25,0.1,0.8,0.143,0.2,0.6,0.4,0.292,0.4,0.4,1,0.2,0.9,1.1,0.9,0.1,0.2,0,0.1,1.2
260,Trevor Keels,SG,19,NYK,3,0,2.7,0.3,1.3,0.25,0.3,1.3,0.25,0,0,,0.375,0,0,,0,0.7,0.7,0,0,0,0,0,1
261,Luke Kennard,SG,26,TOT,57,12,21.9,3.1,6.4,0.483,2.1,4.4,0.484,0.9,1.9,0.482,0.652,0.6,0.6,0.946,0.2,2.4,2.6,1.5,0.5,0.1,0.8,1.4,8.9
261,Luke Kennard,SG,26,LAC,35,11,20.7,2.8,6,0.464,1.7,3.8,0.447,1.1,2.3,0.494,0.604,0.5,0.6,0.95,0.2,2.2,2.4,1.1,0.5,0.1,0.9,1.3,7.8
261,Luke Kennard,SG,26,MEM,22,1,23.8,3.5,6.9,0.51,2.9,5.5,0.525,0.6,1.4,0.452,0.719,0.7,0.8,0.941,0.4,2.6,3,2.1,0.5,0,0.7,1.5,10.6
262,Walker Kessler,C,21,UTA,74,40,23,4,5.6,0.72,0,0,0.333,4,5.6,0.723,0.721,1.1,2.1,0.516,3.1,5.3,8.4,0.9,0.4,2.3,0.8,2.3,9.2
263,Braxton Key,SF,25,DET,3,0,3,0.3,0.3,1,0,0,,0.3,0.3,1,1,0.7,0.7,1,0,0.3,0.3,0,0,0,0,0,1.3
264,Corey Kispert,SF,23,WAS,70,41,28.4,3.8,7.7,0.5,2.2,5.1,0.43,1.7,2.6,0.637,0.642,1,1.1,0.861,0.4,2.4,2.8,1.2,0.4,0.1,0.7,1.3,10.8
265,Maxi Kleber,C,31,DAL,36,5,25.4,2.1,4.6,0.458,1.1,3.1,0.355,1,1.6,0.661,0.575,0.7,1,0.703,0.8,2.9,3.7,1.4,0.3,0.8,0.7,2.3,6
266,Nathan Knight,PF,25,MIN,36,0,7.9,1.2,2.2,0.564,0.2,0.6,0.364,1,1.6,0.643,0.615,1.1,1.5,0.691,0.6,0.9,1.5,0.4,0.3,0.2,0.5,1,3.7
267,Kevin Knox,PF-SF,23,TOT,59,2,14.1,2.2,4.7,0.46,0.9,2.7,0.34,1.2,2,0.624,0.558,0.6,0.7,0.773,0.5,2.1,2.7,0.5,0.4,0.2,0.7,1.5,5.8
267,Kevin Knox,PF,23,DET,42,1,14.1,2,4.3,0.469,1,2.8,0.371,1,1.5,0.651,0.589,0.6,0.8,0.788,0.5,2.1,2.6,0.4,0.3,0.3,0.8,1.8,5.6
267,Kevin Knox,SF,23,POR,17,1,14.2,2.5,5.7,0.443,0.6,2.5,0.256,1.9,3.2,0.593,0.5,0.5,0.6,0.727,0.6,2.2,2.9,0.8,0.5,0,0.6,1,6.2
268,Christian Koloko,C,22,TOR,54,19,14,1.3,2.7,0.469,0,0.2,0.091,1.2,2.5,0.5,0.472,0.7,1,0.655,1.5,1.5,3,0.5,0.4,1,0.3,2.3,3.2
269,John Konchar,SG,26,MEM,68,22,20.5,1.9,4.4,0.423,0.9,2.5,0.347,1,1.9,0.523,0.522,0.4,0.5,0.8,0.8,3.3,4.1,1.3,1,0.3,0.5,1.5,5
270,Furkan Korkmaz,SG,25,PHI,34,0,8.7,1.2,2.7,0.446,0.4,1.1,0.351,0.8,1.6,0.509,0.516,0.7,1,0.706,0.2,0.8,1,0.6,0.2,0.1,0.6,0.4,3.5
271,Luke Kornet,C,27,BOS,65,0,11.4,1.6,2.4,0.693,0,0.2,0.273,1.6,2.2,0.725,0.703,0.5,0.6,0.811,1.2,1.6,2.8,0.7,0.2,0.7,0.4,1.2,3.8
272,Vit Krejci,PG,22,ATL,26,0,5.4,0.5,1.3,0.424,0.2,0.7,0.263,0.3,0.5,0.643,0.5,0,0.1,0.5,0.1,0.6,0.7,0.5,0.1,0,0.2,0.6,1.3
273,Jonathan Kuminga,PF,20,GSW,64,15,20.8,3.9,7.4,0.522,0.8,2.2,0.357,3.1,5.2,0.592,0.575,1.3,2,0.648,1,2.4,3.4,1.8,0.6,0.4,1.4,2.4,9.8
274,Kyle Kuzma,PF,27,WAS,64,64,35,8,17.8,0.448,2.5,7.5,0.333,5.5,10.3,0.533,0.518,2.7,3.7,0.73,0.9,6.4,7.2,3.7,0.6,0.5,3,2.3,21.2
275,Anthony Lamb,SF,25,GSW,59,3,19.8,2.4,5.2,0.467,1.2,3.4,0.369,1.2,1.8,0.648,0.587,0.8,1,0.767,0.9,2.6,3.5,1.6,0.5,0.3,0.9,2.2,6.9
276,Jock Landale,C,27,PHO,65,3,14.2,2.5,4.8,0.523,0.3,1.3,0.244,2.2,3.5,0.623,0.555,1.2,1.6,0.765,1.7,2.3,4,1,0.2,0.5,0.9,1.9,6.5
277,Romeo Langford,SG,23,SAS,40,21,19.8,2.9,6.2,0.474,0.4,1.5,0.276,2.5,4.7,0.534,0.506,0.8,1.2,0.673,1.4,1.4,2.8,1.2,0.6,0.3,0.7,1.7,7.1
278,Jake LaRavia,PF,21,MEM,35,0,11.8,1.1,2.7,0.389,0.7,2,0.338,0.4,0.7,0.542,0.516,0.2,0.3,0.778,0.5,1.3,1.8,0.6,0.3,0.1,0.5,1.4,3
279,Zach LaVine,SG,27,CHI,74,74,36.1,8.8,18,0.488,2.7,7.1,0.384,6.1,11,0.555,0.563,4.8,5.6,0.849,0.6,3.9,4.5,4.2,0.9,0.2,2.6,2.1,25.1
280,A.J. Lawson,SG,22,TOT,13,0,4.8,1,2,0.5,0.5,1.2,0.438,0.5,0.8,0.6,0.635,0.1,0.2,0.333,0.2,0.6,0.8,0.1,0.1,0,0.1,0.6,2.6
280,A.J. Lawson,SG,22,MIN,1,0,2,1,1,1,0,0,,1,1,1,1,0,0,,0,1,1,0,0,0,0,1,2
280,A.J. Lawson,SG,22,DAL,12,0,5.1,1,2.1,0.48,0.6,1.3,0.438,0.4,0.8,0.556,0.62,0.1,0.3,0.333,0.2,0.6,0.8,0.1,0.1,0,0.1,0.6,2.7
281,Damion Lee,SG,30,PHO,71,5,20.5,2.7,6.1,0.446,1.5,3.4,0.448,1.2,2.7,0.443,0.57,1.3,1.4,0.902,0.5,2.5,3,1.4,0.4,0.1,1,1.6,8.3
282,Saben Lee,PG,23,TOT,22,0,13.7,1.7,4,0.42,0.3,0.9,0.35,1.4,3.1,0.441,0.46,1.6,2.1,0.766,0.5,1.2,1.7,2.5,0.7,0,1,1.2,5.3
282,Saben Lee,PG,23,PHI,2,0,5,1.5,2,0.75,0,0.5,0,1.5,1.5,1,0.75,0,0,,0,0,0,1,0.5,0,1.5,0.5,3
282,Saben Lee,PG,23,PHO,20,0,14.6,1.7,4.2,0.405,0.4,1,0.368,1.4,3.3,0.415,0.446,1.8,2.4,0.766,0.6,1.3,1.9,2.7,0.7,0.1,1,1.3,5.6
283,Alex Len,C,29,SAC,22,1,4.9,0.6,1.1,0.542,0,0.1,0,0.6,1,0.591,0.542,0.3,0.5,0.6,0.5,1.2,1.6,0.4,0.1,0.3,0.5,0.9,1.5
284,Kawhi Leonard,SF,31,LAC,49,47,33.5,8.6,16.7,0.513,2,4.7,0.418,6.6,11.9,0.551,0.573,4.6,5.3,0.873,1.1,5.2,6.3,3.9,1.5,0.6,1.7,1.6,23.7
285,Meyers Leonard,C,30,MIL,6,0,8.5,1.3,2.3,0.571,0.8,1.7,0.5,0.5,0.7,0.75,0.75,0.5,0.7,0.75,0.3,1.8,2.2,0,0.2,0,0.3,1.2,4
286,Caris LeVert,SG,28,CLE,73,30,30.2,4.3,10,0.428,1.7,4.4,0.384,2.6,5.7,0.461,0.511,1.8,2.5,0.722,0.7,3.1,3.8,3.9,1,0.3,1.6,2.3,12
287,Kira Lewis Jr.,PG,21,NOP,24,0,9.7,1.7,3.7,0.455,0.6,1.4,0.441,1,2.3,0.463,0.54,0.7,0.8,0.85,0.2,1.2,1.4,1,0.4,0.1,0.4,1,4.7
288,Damian Lillard,PG,32,POR,58,58,36.3,9.6,20.7,0.463,4.2,11.3,0.371,5.4,9.4,0.574,0.564,8.8,9.6,0.914,0.8,4,4.8,7.3,0.9,0.3,3.3,1.9,32.2
289,Nassir Little,SF,22,POR,54,4,18.1,2.5,5.6,0.442,1.1,2.9,0.367,1.4,2.7,0.524,0.538,0.6,0.9,0.717,0.5,2.1,2.6,0.9,0.4,0.4,0.7,1.2,6.6
290,Isaiah Livers,PF,24,DET,51,21,23,2.3,5.5,0.416,1.4,3.9,0.355,0.9,1.6,0.561,0.541,0.6,0.7,0.806,0.5,2.2,2.7,0.8,0.5,0.5,0.6,2,6.5
291,Kenneth Lofton Jr.,PF,20,MEM,20,0,5.3,1.4,2.8,0.482,0.3,0.6,0.417,1.1,2.2,0.5,0.527,0.4,0.7,0.538,0.5,1,1.5,0.9,0.2,0.1,0.4,1,3.3
292,Kevon Looney,C,26,GSW,79,68,23.8,3,4.7,0.631,0,0,0,3,4.7,0.633,0.631,1.2,1.9,0.601,3.3,5.9,9.2,2.5,0.6,0.6,0.6,2.8,7.1
293,Brook Lopez,C,34,MIL,76,76,30.3,6,11.4,0.528,1.7,4.7,0.372,4.3,6.8,0.636,0.604,1.9,2.4,0.786,2,4.7,6.8,1.3,0.5,2.5,1.4,2.6,15.7
294,Robin Lopez,C,34,CLE,35,1,7.5,1.1,1.7,0.656,0.1,0.1,0.667,1.1,1.7,0.655,0.672,0.3,0.5,0.75,0.6,0.7,1.3,0.4,0,0.2,0.6,1,2.7
295,Kevin Love,PF,34,TOT,59,20,20.2,2.7,6.9,0.388,1.6,4.8,0.333,1.1,2.1,0.512,0.504,1.3,1.5,0.888,1,5.5,6.5,1.9,0.3,0.2,1.1,1.6,8.3
295,Kevin Love,PF,34,CLE,41,3,20,2.7,7,0.389,1.7,4.8,0.354,1,2.2,0.467,0.511,1.4,1.5,0.889,1,5.8,6.8,1.9,0.2,0.2,1.1,1.6,8.5
295,Kevin Love,PF,34,MIA,18,17,20.7,2.6,6.7,0.383,1.4,4.8,0.287,1.2,1.8,0.636,0.488,1.3,1.4,0.885,0.8,4.9,5.8,1.9,0.5,0.2,1.1,1.6,7.8
296,Kyle Lowry,PG,36,MIA,52,44,32,3.6,9.1,0.4,2,5.8,0.34,1.7,3.3,0.503,0.507,2.2,2.5,0.856,0.8,3.4,4.2,5.1,1.1,0.4,1.9,2.6,11.4
297,Trey Lyles,PF,27,SAC,70,0,16.8,2.5,5.4,0.465,1.2,3.2,0.369,1.4,2.3,0.597,0.572,1.4,1.8,0.815,0.9,3.1,4,0.9,0.4,0.4,0.9,1.3,7.7
298,Théo Maledon,PG,21,CHO,41,4,17.9,2,5.2,0.387,0.6,2,0.277,1.4,3.1,0.457,0.441,1.3,1.6,0.846,0.3,2.3,2.6,3.1,0.7,0.3,1.1,1.2,5.9
299,Sandro Mamukelashvili,C,23,TOT,39,4,14.2,1.9,4.8,0.409,0.6,2.1,0.277,1.4,2.6,0.515,0.47,0.8,1.2,0.711,1.5,2.4,3.9,1.3,0.3,0.3,0.7,1.3,5.3
299,Sandro Mamukelashvili,C,23,MIL,24,0,9,0.8,2.4,0.328,0.3,1.3,0.219,0.5,1.1,0.462,0.388,0.5,0.8,0.667,0.8,1.6,2.3,0.7,0.2,0.2,0.4,0.8,2.4
299,Sandro Mamukelashvili,C,23,SAS,15,4,22.4,3.8,8.5,0.445,1.1,3.4,0.314,2.7,5.1,0.532,0.508,1.3,1.8,0.741,2.7,3.8,6.5,2.3,0.5,0.3,1.2,2,10
300,Terance Mann,SG,26,LAC,78,36,23.2,3.4,6.5,0.517,1,2.5,0.387,2.4,4,0.597,0.59,1.2,1.5,0.793,1,2.5,3.5,2.3,0.5,0.3,1,1.8,8.9
301,Tre Mann,PG,21,OKC,64,4,17.7,2.9,7.5,0.387,1.3,3.9,0.317,1.7,3.6,0.463,0.47,0.6,0.8,0.74,0.4,1.8,2.2,1.7,0.6,0.2,0.9,1.5,7.7
302,Boban Marjanović,C,34,HOU,29,0,5.2,1.2,1.8,0.667,0,0,0,1.2,1.7,0.68,0.667,0.7,0.9,0.769,0.6,1.2,1.8,0.3,0.1,0,0.4,0.3,3
303,Lauri Markkanen,SF,25,UTA,66,66,34.4,8.7,17.3,0.499,3,7.7,0.391,5.6,9.6,0.585,0.586,5.3,6,0.875,2,6.7,8.6,1.9,0.6,0.6,1.9,2.1,25.6
304,Naji Marshall,SF,25,NOP,73,21,23.9,3.3,7.6,0.435,0.9,2.9,0.304,2.4,4.7,0.518,0.494,1.8,2.3,0.788,0.6,3.1,3.7,2.5,0.7,0.2,1.3,1.5,9.3
305,Caleb Martin,PF,27,MIA,67,49,29.6,3.6,7.8,0.467,1.2,3.4,0.364,2.4,4.4,0.546,0.546,1.3,1.6,0.798,1.3,3.6,4.9,1.6,1,0.5,1.1,2.1,9.8
306,Cody Martin,SF,27,CHO,7,0,19.1,2,5.1,0.389,0.4,2,0.214,1.6,3.1,0.5,0.431,0.6,1,0.571,1.1,2.3,3.4,1.6,0.6,0.1,0.3,1.9,5
307,Kenyon Martin Jr.,SF,22,HOU,79,46,27.9,5,8.7,0.57,0.9,2.7,0.318,4.1,6,0.683,0.619,1.9,2.7,0.684,1.5,4,5.5,1.5,0.5,0.4,1.1,1.8,12.7
308,Tyrese Martin,SG,23,ATL,13,0,3.5,0.5,1.2,0.375,0.1,0.4,0.2,0.4,0.8,0.455,0.406,0.2,0.2,1,0.2,0.3,0.5,0,0.1,0,0.1,0.2,1.2
309,Garrison Mathews,SG,26,TOT,52,0,12.7,1.3,3.6,0.362,1.1,3.2,0.351,0.2,0.4,0.45,0.519,0.8,0.9,0.896,0.2,1.1,1.3,0.5,0.5,0.1,0.4,1.2,4.6
309,Garrison Mathews,SG,26,HOU,45,0,13.4,1.3,3.8,0.353,1.2,3.4,0.342,0.2,0.3,0.467,0.509,0.9,1,0.911,0.2,1.2,1.4,0.5,0.5,0.1,0.4,1.2,4.8
309,Garrison Mathews,SG,26,ATL,7,0,8,1.1,2.6,0.444,0.9,1.9,0.462,0.3,0.7,0.4,0.611,0.3,0.4,0.667,0,1,1,0.3,0.1,0,0.1,0.6,3.4
310,Bennedict Mathurin,SF,20,IND,75,14,28.2,5.3,12.1,0.436,1.3,4,0.32,4,8.1,0.493,0.489,4.7,5.7,0.828,1.1,2.9,4,1.4,0.6,0.2,1.8,2,16.6
311,Wesley Matthews,SG,36,MIL,48,0,15.3,1.1,3,0.357,0.7,2.3,0.313,0.3,0.6,0.516,0.479,0.4,0.5,0.875,0.7,1.4,2.1,0.6,0.4,0.3,0.4,1.4,3.3
312,Tyrese Maxey,SG,22,PHI,59,40,33.5,7.4,15.3,0.483,2.7,6.2,0.436,4.7,9.2,0.515,0.571,3.1,3.6,0.845,0.4,2.5,2.9,3.6,0.8,0.1,1.3,2.2,20.6
313,Skylar Mays,SG,25,POR,2,2,30,5.5,8.5,0.647,2,4,0.5,3.5,4.5,0.778,0.765,0.5,0.5,1,0.5,2,2.5,7.5,0.5,0,2,2.5,13.5
314,Miles McBride,PG,22,NYK,61,2,11.8,1.2,3.2,0.359,0.6,2.1,0.302,0.5,1.2,0.458,0.455,0.4,0.7,0.675,0.2,0.6,0.8,1.1,0.6,0.1,0.4,0.9,3.4
315,CJ McCollum,SG,31,NOP,71,71,35.1,7.8,17.9,0.436,2.8,7.3,0.39,5,10.6,0.468,0.515,2.4,3,0.787,0.8,3.5,4.3,5.8,0.9,0.5,2.5,2,20.8
316,T.J. McConnell,PG,30,IND,74,6,20.3,3.7,6.9,0.541,0.3,0.8,0.431,3.4,6.1,0.555,0.566,0.7,0.9,0.846,0.6,2.5,3.1,5.2,1.1,0.1,1.9,1.4,8.5
317,Jaden McDaniels,SF,22,MIN,76,76,30.8,4.7,9.1,0.514,1.3,3.4,0.392,3.4,5.7,0.588,0.588,1.4,1.9,0.741,1.2,2.7,3.9,1.9,0.9,1,1.4,3.5,12.1
318,Jalen McDaniels,SF,25,TOT,76,22,23.8,3.4,7.6,0.452,0.9,2.9,0.321,2.5,4.7,0.532,0.513,1.4,1.7,0.833,0.8,3.6,4.3,1.6,1,0.4,1.2,2.6,9.3
318,Jalen McDaniels,SF,25,CHO,56,21,26.7,3.9,8.8,0.447,1.2,3.6,0.322,2.8,5.2,0.534,0.513,1.6,1.9,0.846,0.8,4,4.8,2,1.2,0.5,1.4,2.8,10.6
318,Jalen McDaniels,SF,25,PHI,20,1,15.9,2.1,4.3,0.477,0.3,1,0.316,1.8,3.4,0.522,0.512,1.1,1.4,0.786,0.8,2.3,3,0.7,0.4,0.2,0.5,2.2,5.5
319,Doug McDermott,SF,31,SAS,63,0,20.8,3.8,8.2,0.461,2,4.7,0.418,1.8,3.5,0.518,0.58,0.8,1.1,0.757,0.4,1.8,2.2,1.4,0.2,0.1,0.9,1.9,10.3
320,JaVale McGee,C,35,DAL,40,7,8.5,1.9,3,0.63,0,0.1,0.25,1.9,2.9,0.643,0.634,0.6,1,0.59,0.8,1.9,2.6,0.3,0.1,0.6,0.9,1.3,4.4
321,Bryce McGowens,SG,20,CHO,43,4,15.9,1.4,3.8,0.372,0.5,1.5,0.333,0.9,2.3,0.398,0.439,1,1.4,0.733,0.4,1.4,1.8,1,0.3,0.1,0.8,1,4.4
322,Rodney McGruder,SG,31,DET,33,12,15.9,1.9,4.6,0.408,1.2,2.9,0.423,0.6,1.7,0.382,0.543,0.5,0.7,0.818,0.6,1.6,2.2,0.8,0.5,0,0.3,1.2,5.5
323,Jordan McLaughlin,PG,26,MIN,41,0,15.6,1.4,3.5,0.415,0.5,1.9,0.289,0.9,1.6,0.561,0.493,0.3,0.3,0.786,0.4,1,1.4,3.3,0.8,0.1,0.8,0.6,3.7
324,De'Anthony Melton,PG,24,PHI,75,57,28.1,3.7,8.6,0.43,2.1,5.3,0.395,1.6,3.3,0.486,0.551,0.9,1.2,0.793,0.9,3.2,4.1,2.6,1.7,0.5,1.4,2.5,10.4
325,Sam Merrill,SG,26,CLE,3,0,3.7,0.3,1.3,0.25,0,1,0,0.3,0.3,1,0.25,0,0,,0,0.3,0.3,0.3,0,0,0,0.7,0.7
326,Chimezie Metu,C,25,SAC,63,0,10.4,1.9,3.3,0.589,0.1,0.6,0.243,1.8,2.7,0.665,0.611,0.7,0.9,0.759,0.7,2.3,3,0.6,0.3,0.3,0.5,1.3,4.7
327,Khris Middleton,SF,31,MIL,32,18,24.8,5.5,12.6,0.439,1.6,5,0.317,3.9,7.6,0.521,0.502,2.9,3.2,0.902,0.9,3.5,4.3,5.1,0.7,0.2,2.2,2.1,15.5
328,Patty Mills,PG,34,BRK,39,1,13.6,2.1,5.1,0.419,1.2,3.2,0.376,0.9,1.9,0.493,0.538,0.5,0.6,0.913,0.2,0.9,1.1,1.4,0.4,0.1,0.7,0.7,6
329,Shake Milton,SG,26,PHI,73,9,20,3,6.3,0.482,0.7,1.9,0.388,2.3,4.4,0.522,0.54,1.3,1.5,0.845,0.5,2,2.5,2.8,0.3,0.2,1.2,1.6,8.1
330,Josh Minott,SF,20,MIN,14,0,6.6,1.3,2.4,0.529,0.1,0.4,0.333,1.1,2,0.571,0.559,0.6,0.6,1,0.4,1.4,1.8,0.3,0.3,0.4,0.2,0.7,3.3
331,Davion Mitchell,PG,24,SAC,77,8,18,2.2,4.9,0.461,0.8,2.4,0.317,1.5,2.5,0.599,0.539,0.3,0.4,0.806,0.2,1.1,1.3,2.3,0.5,0.2,0.8,1.4,5.6
332,Donovan Mitchell,SG,26,CLE,67,67,35.7,9.9,20.6,0.482,3.6,9.3,0.383,6.3,11.2,0.563,0.569,4.6,5.4,0.866,0.9,3.3,4.2,4.4,1.5,0.4,2.6,2.5,28
333,Evan Mobley,PF,21,CLE,77,77,34.6,6.7,12.1,0.556,0.3,1.3,0.21,6.4,10.8,0.598,0.567,2.6,3.9,0.673,2.4,6.7,9.1,2.9,0.8,1.5,1.9,2.8,16.3
334,Isaiah Mobley,PF,23,CLE,11,0,3,0.5,0.9,0.5,0.1,0.3,0.333,0.4,0.6,0.571,0.55,0,0,,0.1,1,1.1,0,0.1,0.1,0,0.2,1
335,Chima Moneke,SF,27,SAC,2,0,4,0.5,1,0.5,0,0,,0.5,1,0.5,0.5,0,1,0,1,0,1,0.5,0,0,1,1,1
336,Malik Monk,SG,24,SAC,74,0,22.4,4.6,10.4,0.449,1.9,5.2,0.361,2.8,5.2,0.537,0.539,2.4,2.7,0.891,0.4,2.2,2.6,3.9,0.6,0.3,1.9,1.6,13.6
337,Moses Moody,SG,20,GSW,60,3,12.5,1.5,3.4,0.453,0.7,2.1,0.341,0.8,1.3,0.625,0.557,0.6,0.9,0.692,0.4,1.2,1.6,0.8,0.3,0.1,0.5,0.8,4.4
338,Xavier Moon,SG,28,LAC,3,0,6,0.7,2.7,0.25,0.3,1,0.333,0.3,1.7,0.2,0.313,0,0,,0,1,1,1.7,0,0,0.3,0.3,1.7
339,Wendell Moore Jr.,SG,21,MIN,27,2,5.5,0.6,1.6,0.405,0.1,0.6,0.118,0.6,0.9,0.6,0.429,0.1,0.2,0.8,0.1,0.5,0.6,0.7,0.3,0.2,0.3,0.5,1.5
340,Ja Morant,PG,23,MEM,59,57,32,9.4,20.2,0.463,1.5,5,0.307,7.8,15.2,0.514,0.501,6.2,8.3,0.752,1,4.8,5.8,8.1,1.1,0.3,3.4,1.7,26.5
341,Marcus Morris,PF,33,LAC,65,65,28.1,4.2,9.9,0.426,1.7,4.7,0.364,2.5,5.2,0.484,0.513,1,1.3,0.782,0.4,3.5,4,1.8,0.6,0.3,0.9,2.1,11.2
342,Markieff Morris,PF,33,TOT,33,1,9.7,1.2,2.8,0.413,0.7,1.7,0.411,0.5,1.1,0.417,0.538,0.3,0.3,1,0.4,1.5,1.9,0.8,0.3,0.2,0.5,1.3,3.3
342,Markieff Morris,PF,33,BRK,27,1,10.6,1.2,3,0.402,0.7,1.8,0.408,0.5,1.2,0.394,0.524,0.4,0.4,1,0.5,1.7,2.2,0.9,0.3,0.2,0.5,1.2,3.6
342,Markieff Morris,PF,33,DAL,6,0,5.8,0.8,1.7,0.5,0.5,1.2,0.429,0.3,0.5,0.667,0.65,0,0,,0,0.5,0.5,0.5,0.2,0,0.7,1.5,2.2
343,Monte Morris,PG,27,WAS,62,61,27.3,4,8.3,0.48,1.3,3.3,0.382,2.7,5,0.543,0.555,1,1.2,0.831,0.4,3,3.4,5.3,0.7,0.2,1,1.2,10.3
344,Trey Murphy III,SF,22,NOP,75,61,30.5,4.7,9.9,0.482,2.5,6.2,0.407,2.2,3.7,0.606,0.609,2,2.2,0.909,0.8,2.8,3.6,1.4,1.1,0.6,0.8,1.9,14
345,Dejounte Murray,SG,26,ATL,71,71,36.5,8.3,18,0.46,1.9,5.3,0.348,6.4,12.6,0.508,0.512,2.1,2.6,0.826,0.7,4.6,5.3,6.1,1.5,0.3,2.2,1.5,20.6
346,Jamal Murray,PG,25,DEN,63,63,33.3,7.4,16.3,0.453,2.7,6.7,0.399,4.7,9.6,0.491,0.535,2.8,3.4,0.832,0.7,3.3,4,6.2,1,0.2,2.3,1.6,20.3
347,Keegan Murray,SF,22,SAC,76,74,29.7,4.4,9.7,0.452,2.6,6.2,0.41,1.8,3.5,0.527,0.583,0.8,1.1,0.763,1.1,3.5,4.6,1.2,0.8,0.5,0.8,2,12.1
348,Mike Muscala,C,31,TOT,59,7,14.3,1.9,4.5,0.432,1.2,3.2,0.386,0.7,1.3,0.547,0.57,0.5,0.7,0.78,0.5,2.5,3,0.8,0.3,0.4,0.3,1.6,5.6
348,Mike Muscala,C,31,OKC,43,5,14.5,2.1,4.7,0.438,1.3,3.3,0.394,0.8,1.4,0.541,0.576,0.7,0.9,0.795,0.5,2.6,3.1,0.9,0.3,0.4,0.3,1.6,6.2
348,Mike Muscala,C,31,BOS,16,2,13.9,1.6,3.8,0.41,1.1,2.9,0.362,0.5,0.9,0.571,0.549,0.1,0.1,0.5,0.4,2.3,2.7,0.4,0.3,0.3,0.4,1.4,4.3
349,Svi Mykhailiuk,SF,25,TOT,29,5,12.7,1.9,4.1,0.467,1.1,2.3,0.478,0.8,1.8,0.453,0.6,0.7,1.1,0.645,0.3,0.9,1.2,1.2,0.4,0.1,0.5,0.6,5.7
349,Svi Mykhailiuk,SF,25,NYK,13,0,3.1,0.5,0.9,0.5,0.5,0.8,0.6,0,0.2,0,0.75,0.2,0.4,0.6,0,0.5,0.5,0.1,0.1,0,0.2,0.1,1.6
349,Svi Mykhailiuk,SF,25,CHO,16,5,20.5,3.1,6.8,0.463,1.6,3.6,0.456,1.5,3.2,0.471,0.583,1.1,1.6,0.654,0.6,1.3,1.8,2.1,0.6,0.3,0.8,0.9,8.9
350,Larry Nance Jr.,PF,30,NOP,61,1,21.1,2.9,4.8,0.604,0.2,0.7,0.333,2.7,4.1,0.649,0.628,0.9,1.2,0.693,1.7,3.9,5.5,1.8,0.9,0.6,0.6,2,6.9
351,Andrew Nembhard,SG,23,IND,72,60,27.4,3.7,8.5,0.438,1.3,3.6,0.349,2.5,4.9,0.503,0.511,0.6,0.7,0.792,0.5,2.2,2.6,4.3,0.9,0.2,1.6,2.4,9.3
352,Aaron Nesmith,SF,23,IND,70,57,25,3.4,8.1,0.424,1.6,4.3,0.362,1.9,3.8,0.494,0.52,1.6,1.9,0.833,0.9,2.9,3.8,1.4,0.8,0.4,1.1,3.3,10
353,Raul Neto,PG,30,CLE,46,1,10,1.1,2.1,0.526,0.3,0.8,0.316,0.8,1.2,0.667,0.589,0.5,0.6,0.889,0.2,0.8,0.9,1.4,0.3,0.1,0.3,0.9,3
354,Georges Niang,PF,29,PHI,75,0,19.3,2.8,6.4,0.438,2,4.9,0.399,0.8,1.4,0.574,0.593,0.5,0.6,0.864,0.2,2.1,2.3,1,0.4,0.2,0.7,1.9,8.1
355,Daishen Nix,PG,20,HOU,55,7,16.2,1.5,4.2,0.345,0.7,2.5,0.292,0.7,1.7,0.421,0.431,0.4,0.7,0.667,0.3,1.4,1.8,2.4,0.5,0.1,1.5,1.1,4.1
356,Zeke Nnaji,PF,22,DEN,50,5,13.5,2,3.4,0.576,0.3,1,0.269,1.7,2.4,0.708,0.616,0.8,1.2,0.672,1.2,1.3,2.5,0.3,0.3,0.4,0.5,1.9,5
357,Nerlens Noel,C,28,TOT,17,4,11.5,0.8,2.1,0.361,0.1,0.1,0.5,0.7,2,0.353,0.375,0.5,0.7,0.667,0.6,2.1,2.7,0.6,0.9,0.6,0.8,1.9,2.1
357,Nerlens Noel,C,28,DET,14,3,10.9,0.9,2.1,0.4,0.1,0.1,0.5,0.8,2,0.393,0.417,0.5,0.7,0.7,0.5,2.1,2.6,0.5,0.9,0.6,0.6,1.8,2.3
357,Nerlens Noel,C,28,BRK,3,1,14.3,0.3,2,0.167,0,0,,0.3,2,0.167,0.167,0.3,0.7,0.5,1,2,3,1,1,0.3,1.7,2.3,1
358,Jaylen Nowell,SG,23,MIN,65,2,19.3,4.3,9.6,0.448,1,3.6,0.289,3.3,6,0.542,0.502,1.2,1.5,0.778,0.6,2.1,2.6,2,0.6,0.1,1,1.6,10.8
359,Frank Ntilikina,PG,24,DAL,45,3,11.8,0.9,2.5,0.36,0.3,1.3,0.25,0.6,1.2,0.481,0.425,0.4,0.6,0.704,0.1,1.1,1.3,1.2,0.3,0.1,0.6,1.3,2.6
360,Kendrick Nunn,SG-PG,27,TOT,66,2,13.3,2.6,6.1,0.424,1.1,3.1,0.347,1.5,3,0.503,0.511,0.4,0.5,0.848,0.2,1.2,1.4,1.1,0.4,0.1,0.9,0.9,6.6
360,Kendrick Nunn,SG,27,LAL,39,2,13.5,2.6,6.4,0.406,1.1,3.2,0.325,1.6,3.2,0.488,0.488,0.4,0.5,0.81,0.1,1.3,1.4,0.9,0.3,0.1,0.8,0.9,6.7
360,Kendrick Nunn,PG,27,WAS,27,0,12.9,2.5,5.6,0.453,1.1,2.8,0.382,1.4,2.7,0.527,0.55,0.4,0.4,0.917,0.3,1.2,1.4,1.5,0.5,0,1,0.9,6.5
361,Jusuf Nurkić,C,28,POR,52,52,26.8,5,9.7,0.519,0.8,2.3,0.361,4.2,7.4,0.567,0.561,2.4,3.7,0.661,2.2,6.9,9.1,2.9,0.8,0.8,2.3,3.6,13.3
362,Jordan Nwora,SF,24,TOT,59,11,18.9,3,7,0.431,1.3,3.3,0.405,1.7,3.7,0.454,0.527,1.1,1.4,0.79,0.8,2.9,3.7,1.4,0.4,0.2,1,1.1,8.5
362,Jordan Nwora,SF,24,MIL,38,3,15.7,2,5.2,0.386,1.1,2.7,0.392,0.9,2.5,0.379,0.487,1,1.1,0.86,0.8,2.3,3.1,1,0.3,0.2,0.9,0.9,6
362,Jordan Nwora,SF,24,IND,21,8,24.6,4.9,10.3,0.472,1.9,4.4,0.419,3,5.9,0.512,0.563,1.3,1.8,0.711,1,3.9,4.8,2.2,0.6,0.3,1.3,1.5,12.9
363,Royce O'Neale,SF,29,BRK,73,52,31.6,3,7.7,0.388,2.1,5.4,0.393,0.9,2.3,0.376,0.526,0.7,0.9,0.731,0.7,4.3,5,3.7,0.8,0.6,1.5,3.2,8.8
364,Chuma Okeke,SF,24,ORL,24,7,17.8,1.5,4,0.365,0.9,2.8,0.313,0.6,1.2,0.483,0.474,0.7,0.9,0.762,0.9,2.5,3.4,1.1,0.5,0.4,0.5,1.5,4.5
365,Josh Okogie,SG,24,PHO,68,22,18.4,2.3,5.7,0.4,0.9,2.7,0.339,1.4,3,0.455,0.481,1.8,2.5,0.721,1.5,1.9,3.4,1.4,0.8,0.5,0.9,1.6,7.3
366,Onyeka Okongwu,C,22,ATL,76,17,23.1,4,6.1,0.647,0,0.1,0.25,3.9,6,0.654,0.649,1.9,2.5,0.779,2.7,4.5,7.2,1,0.7,1.3,1,3.2,9.9
367,Isaac Okoro,SF,22,CLE,76,46,21.7,2.3,4.7,0.494,0.8,2.3,0.363,1.5,2.4,0.617,0.582,1,1.4,0.757,0.7,1.8,2.5,1.1,0.7,0.4,0.6,2.1,6.4
368,KZ Okpala,PF,23,SAC,35,3,7.1,0.5,1.1,0.421,0.2,0.6,0.333,0.3,0.5,0.529,0.513,0.2,0.2,0.875,0.2,0.8,1,0.4,0.2,0.2,0.2,1.1,1.3
369,Victor Oladipo,SG,30,MIA,40,2,26.4,3.6,9.2,0.387,1.5,4.7,0.309,2.1,4.5,0.469,0.466,1.5,1.9,0.773,0.4,2.7,3.1,3.4,1.3,0.3,2,2.3,10
370,Kelly Olynyk,C,31,UTA,65,65,28.4,3.9,8.1,0.489,1.3,3.5,0.381,2.6,4.6,0.57,0.571,2.9,3.4,0.858,1.2,4.9,6.1,3.6,0.9,0.5,2.4,3.4,12.1
371,Eugene Omoruyi,SF,25,TOT,38,5,15.9,2.6,5.7,0.449,0.6,2.2,0.268,2,3.5,0.56,0.5,1.2,1.8,0.662,1.1,1.7,2.8,0.7,0.7,0.1,0.8,2.3,6.9
371,Eugene Omoruyi,SF,25,OKC,23,2,11.8,1.9,4.1,0.468,0.3,1.3,0.258,1.6,2.7,0.571,0.511,0.7,1.2,0.607,1,1.3,2.3,0.5,0.6,0,0.7,2,4.9
371,Eugene Omoruyi,SF,25,DET,15,3,22.2,3.5,8.1,0.434,0.9,3.4,0.275,2.6,4.7,0.549,0.492,1.9,2.7,0.7,1.3,2.3,3.5,0.9,0.7,0.2,1,2.8,9.9
372,Cedi Osman,SF,27,CLE,74,0,20.3,3.1,7,0.449,1.5,4.1,0.367,1.6,2.8,0.567,0.557,0.9,1.4,0.686,0.3,1.9,2.3,1.5,0.5,0.1,0.7,1.6,8.7
373,Kelly Oubre Jr.,SF,27,CHO,48,40,32.3,7.4,17.1,0.431,2.3,7.1,0.319,5.1,10,0.51,0.497,3.3,4.3,0.76,1.4,3.8,5.2,1.1,1.4,0.4,1.3,2.9,20.3
374,Chris Paul,PG,37,PHO,57,57,31.9,4.8,11.2,0.432,1.5,4.3,0.358,3.3,6.9,0.477,0.5,2.3,2.8,0.831,0.4,3.8,4.3,9.1,1.6,0.4,1.9,2.2,13.5
375,Cameron Payne,PG,28,PHO,46,14,20.6,4,9.5,0.416,1.5,3.9,0.372,2.5,5.6,0.446,0.492,1,1.3,0.758,0.3,2,2.3,4.5,0.7,0.2,1.7,1.8,10.4
376,Gary Payton II,PG,30,TOT,19,1,16.3,1.6,2.7,0.596,0.6,1.1,0.524,1.1,1.6,0.645,0.702,0.3,0.4,0.857,0.9,1.8,2.7,1.3,0.9,0.2,0.7,1.7,4.2
376,Gary Payton II,PG,30,POR,15,1,17,1.6,2.7,0.585,0.6,1.1,0.529,1,1.6,0.625,0.695,0.3,0.3,1,0.7,1.9,2.6,1.5,1.1,0.1,0.8,1.9,4.1
376,Gary Payton II,PG,30,GSW,4,0,13.5,1.8,2.8,0.636,0.5,1,0.5,1.3,1.8,0.714,0.727,0.5,0.8,0.667,1.8,1.5,3.3,0.8,0.5,0.5,0.3,1,4.5
377,Theo Pinson,SG,27,DAL,38,0,6.6,0.5,1.6,0.328,0.4,1.2,0.341,0.1,0.4,0.294,0.451,0.2,0.3,0.818,0.2,0.9,1.1,0.8,0.1,0,0.3,0.7,1.7
378,Scotty Pippen Jr.,PG,22,LAL,6,0,5.3,0.7,2,0.333,0.2,0.5,0.333,0.5,1.5,0.333,0.375,0.8,1.5,0.556,0.3,0.3,0.7,0.3,0.3,0.2,0.3,0.5,2.3
379,Mason Plumlee,C,32,TOT,76,60,26.3,4.2,6.2,0.676,0,0,,4.2,6.2,0.676,0.676,2.6,4.1,0.633,3,6.1,9.1,3.2,0.6,0.6,1.5,2.7,11
379,Mason Plumlee,C,32,CHO,56,56,28.5,4.7,7.1,0.669,0,0,,4.7,7.1,0.669,0.669,2.8,4.6,0.605,3.3,6.3,9.7,3.7,0.6,0.6,1.6,2.9,12.2
379,Mason Plumlee,C,32,LAC,20,4,20.1,2.7,3.8,0.711,0,0,,2.7,3.8,0.711,0.711,2,2.6,0.769,1.9,5.5,7.4,1.8,0.5,0.6,1.5,2.3,7.4
380,Jakob Poeltl,C,27,TOT,68,67,26.9,5.5,8.7,0.633,0,0,0,5.5,8.7,0.635,0.633,1.7,2.9,0.599,3.3,5.9,9.2,2.8,0.9,1.3,1.8,2.8,12.8
380,Jakob Poeltl,C,27,SAS,46,46,26.1,5.2,8.4,0.616,0,0,0,5.2,8.4,0.618,0.616,1.7,2.8,0.605,3.3,5.7,9,3.1,0.8,1.1,2.1,2.6,12.1
380,Jakob Poeltl,C,27,TOR,22,21,28.6,6.2,9.3,0.667,0,0,,6.2,9.3,0.667,0.667,1.8,3.1,0.588,3.4,6.2,9.5,2.3,1.3,1.5,1.2,3.2,14.2
381,Aleksej Pokusevski,PF,21,OKC,34,25,20.6,3.2,7.3,0.434,1.1,3.1,0.365,2.1,4.3,0.483,0.51,0.6,1,0.629,1.3,3.4,4.7,1.9,0.6,1.3,1.3,1.7,8.1
382,Jordan Poole,PG,23,GSW,79,42,30.3,6.8,15.7,0.431,2.6,7.8,0.334,4.2,7.9,0.527,0.514,4.3,4.9,0.872,0.4,2.3,2.7,4.5,0.8,0.3,3.1,2.6,20.5
383,Kevin Porter Jr.,PG,22,HOU,57,57,34.2,6.6,15,0.441,2.4,6.5,0.363,4.3,8.5,0.501,0.52,3.4,4.4,0.784,1.3,4.1,5.4,5.7,1.4,0.3,3.2,2.6,19
384,Michael Porter Jr.,SF,24,DEN,60,60,29.1,6.4,13.1,0.49,3,7.2,0.416,3.4,5.9,0.581,0.605,1.6,2,0.805,1,4.5,5.5,1,0.6,0.5,1.1,1.9,17.4
385,Otto Porter Jr.,SF,29,TOR,8,2,18.3,1.9,3.8,0.5,0.8,2.1,0.353,1.1,1.6,0.692,0.6,1,1,1,0.8,1.6,2.4,1,1.4,0,0.5,0.9,5.5
386,Bobby Portis,PF,27,MIL,67,20,25.9,5.6,11.3,0.499,1.2,3.5,0.347,4.4,7.8,0.567,0.553,1.3,1.7,0.781,2.2,7.3,9.5,1.5,0.4,0.2,1.2,1.7,13.8
387,Kristaps Porziņģis,C,27,WAS,65,65,32.6,7.8,15.7,0.498,2.1,5.5,0.385,5.7,10.2,0.559,0.565,5.4,6.4,0.851,1.8,6.6,8.4,2.7,0.9,1.5,2.1,3,23.2
388,Micah Potter,PF,24,UTA,5,0,5.4,1.2,1.6,0.75,0.4,0.6,0.667,0.8,1,0.8,0.875,0,0,,0.2,0.4,0.6,0.6,0,0,0.2,0.6,2.8
389,Dwight Powell,C,31,DAL,74,62,19.4,2.6,3.6,0.731,0,0.1,0,2.6,3.6,0.745,0.731,1.5,2.3,0.667,1.9,2.2,4.1,0.9,0.6,0.4,0.9,2.8,6.8
390,Norman Powell,SG,29,LAC,57,8,25.8,5.5,11.6,0.475,2,4.9,0.406,3.5,6.7,0.525,0.561,3.5,4.4,0.807,0.4,2.5,2.9,1.8,0.8,0.3,1.7,2,16.5
391,Jason Preston,PG,23,LAC,13,0,9.4,1.4,3.2,0.439,0.4,1.4,0.278,1,1.8,0.565,0.5,0,0.2,0,0.2,1.5,1.7,2.1,0.2,0,0.8,0.5,3.2
392,Joshua Primo,SG,20,SAS,4,0,23.3,2.3,6.5,0.346,0.8,3,0.25,1.5,3.5,0.429,0.404,1.8,2.3,0.778,0.5,2.8,3.3,4.5,0.3,0.5,2.8,2,7
393,Taurean Prince,SF,28,MIN,51,4,21.7,3.2,6.8,0.468,1.3,3.5,0.38,1.9,3.3,0.562,0.566,1.2,1.4,0.855,0.3,2.1,2.4,1.6,0.5,0.3,1.3,2.3,8.9
394,Payton Pritchard,PG,25,BOS,46,2,12.5,1.8,4.6,0.39,0.9,2.8,0.331,0.8,1.7,0.488,0.493,0.2,0.3,0.733,0.5,1,1.5,1,0.3,0,0.7,0.8,4.7
395,Trevelin Queen,SG,25,IND,7,0,10,1,4.1,0.241,0.3,2.1,0.133,0.7,2,0.357,0.276,0.7,0.7,1,1.1,1.3,2.4,0.9,0.3,0.7,1,0.6,3
396,Neemias Queta,C,23,SAC,4,0,6.3,1.5,2,0.75,0,0,,1.5,2,0.75,0.75,0,0.5,0,1,1.3,2.3,0.3,0,0.3,0.3,1.8,3
397,Immanuel Quickley,PG,23,NYK,78,18,28.7,5,11.2,0.445,1.9,5.4,0.362,3,5.8,0.523,0.533,2.4,3,0.81,0.7,3.3,4.1,3.3,1,0.2,1.2,2,14.3
398,Lester Quinones,SG,22,GSW,1,0,1,0,2,0,0,1,0,0,1,0,0,0,0,,0,1,1,0,0,0,0,0,0
399,Julius Randle,PF,28,NYK,77,77,35.5,8.5,18.6,0.459,2.8,8.3,0.343,5.7,10.3,0.553,0.536,5.2,6.9,0.757,1.8,8.1,10,4.1,0.6,0.3,2.8,3,25.1
400,Austin Reaves,SG,24,LAL,60,18,28.4,3.9,7.5,0.52,1.3,3.3,0.385,2.6,4.2,0.625,0.604,3.5,4.1,0.861,0.6,2.5,3,3.3,0.5,0.3,1.6,1.7,12.5
401,Cam Reddish,SF,23,TOT,40,20,24.8,3.5,7.8,0.446,1.1,3.6,0.313,2.4,4.2,0.56,0.518,1.6,1.9,0.853,0.5,1.8,2.2,1.4,1,0.4,1.2,1.8,9.7
401,Cam Reddish,SF,23,NYK,20,8,21.9,3.1,6.8,0.449,0.9,2.8,0.304,2.2,4,0.55,0.511,1.5,1.7,0.879,0.4,1.2,1.6,1,0.8,0.4,0.8,1.6,8.4
401,Cam Reddish,SF,23,POR,20,12,27.6,3.9,8.8,0.443,1.4,4.4,0.318,2.5,4.4,0.568,0.523,1.8,2.1,0.833,0.6,2.3,2.9,1.9,1.2,0.3,1.6,2,11
402,Davon Reed,SG,27,TOT,42,1,8.1,0.7,2,0.333,0.4,1.1,0.37,0.3,0.9,0.289,0.435,0.4,0.6,0.667,0.2,1.2,1.4,0.5,0.4,0.1,0.5,0.9,2.1
402,Davon Reed,SG,27,DEN,35,1,9,0.7,2.3,0.313,0.5,1.3,0.364,0.3,1,0.25,0.413,0.4,0.6,0.75,0.3,1.3,1.6,0.5,0.4,0.1,0.6,1,2.3
402,Davon Reed,SG,27,LAL,7,0,3.7,0.4,0.6,0.75,0.1,0.3,0.5,0.3,0.3,1,0.875,0.1,0.6,0.25,0.1,0.4,0.6,0.6,0.3,0,0,0.4,1.1
403,Paul Reed,C,23,PHI,65,0,10.5,1.7,2.8,0.598,0,0.1,0,1.7,2.8,0.611,0.598,0.6,0.7,0.75,1.6,2.1,3.7,0.4,0.6,0.7,0.6,1.8,3.9
404,Naz Reid,C,23,MIN,68,11,18.4,4.6,8.5,0.537,1.1,3.2,0.346,3.5,5.3,0.653,0.602,1.3,1.9,0.677,1.1,3.8,4.9,1.1,0.6,0.8,1.4,2.6,11.5
405,Jared Rhoden,SG,23,DET,10,0,10.6,0.9,2.1,0.429,0.2,1,0.2,0.7,1.1,0.636,0.476,0.6,0.6,1,0.8,1.3,2.1,0.3,0.2,0,0.2,1.2,2.6
406,Nick Richards,C,25,CHO,62,8,18.6,3,4.8,0.624,0,0,1,3,4.8,0.623,0.626,2,2.7,0.743,2.3,4,6.3,0.6,0.2,1.1,0.9,2.4,8
407,Josh Richardson,SG,29,TOT,61,10,23.7,3.8,8.8,0.434,1.7,4.6,0.365,2.1,4.2,0.51,0.53,1.1,1.3,0.852,0.6,2.1,2.8,2.8,1.1,0.3,1.3,1.8,10.5
407,Josh Richardson,SG,29,SAS,42,6,23.7,4.2,9.7,0.436,1.8,4.9,0.357,2.5,4.7,0.518,0.527,1.3,1.4,0.883,0.7,2.1,2.8,3.3,1,0.3,1.5,1.7,11.5
407,Josh Richardson,SG,29,NOP,19,4,23.7,2.9,6.9,0.427,1.5,3.9,0.387,1.4,2.9,0.482,0.538,0.8,1.1,0.762,0.5,2.1,2.6,1.8,1.3,0.5,1,2.1,8.3
408,Austin Rivers,SG,30,MIN,52,10,19.5,1.8,4,0.435,0.8,2.4,0.35,0.9,1.7,0.558,0.538,0.6,0.8,0.769,0.1,1.5,1.6,1.4,0.5,0.1,0.4,1.5,4.9
409,Duncan Robinson,SF,28,MIA,39,0,16,2,5.4,0.368,1.5,4.4,0.335,0.5,1,0.513,0.505,0.6,0.7,0.923,0.2,1.4,1.6,1,0.3,0,0.6,1.7,6.1
410,Mitchell Robinson,C,24,NYK,57,56,26.9,3.1,4.5,0.693,0,0,,3.1,4.5,0.693,0.693,1,1.9,0.505,4.3,4.8,9.1,0.9,0.9,1.7,0.6,2.7,7.2
411,Orlando Robinson,C,22,MIA,29,1,13.7,1.6,3,0.535,0,0.2,0,1.6,2.8,0.568,0.535,0.7,1,0.724,1.5,2.6,4.1,0.7,0.4,0.4,0.5,1.8,3.9
412,Jeremiah Robinson-Earl,PF,22,OKC,41,19,18.8,2.6,5.7,0.455,0.9,2.6,0.333,1.8,3.2,0.554,0.53,0.8,1,0.825,1.7,2.5,4.2,1,0.6,0.3,0.5,1.6,6.9
413,Isaiah Roby,PF,24,SAS,42,2,11.3,1.6,3.7,0.432,0.4,1.4,0.3,1.2,2.3,0.516,0.49,0.5,1,0.488,0.5,2,2.5,0.9,0.4,0.2,0.7,1.3,4.1
414,David Roddy,PF,21,MEM,66,3,17.2,2.5,5.8,0.428,0.9,2.9,0.301,1.6,2.8,0.559,0.504,0.6,1,0.631,0.7,2,2.7,0.7,0.4,0.3,0.8,1.5,6.4
415,Ryan Rollins,PG,20,GSW,12,0,5.2,0.6,1.7,0.35,0.3,0.8,0.333,0.3,0.9,0.364,0.425,0.5,0.5,1,0.3,0.8,1,0.5,0.1,0.1,1.3,0.8,1.9
416,Derrick Rose,PG,34,NYK,27,0,12.5,2.3,5.9,0.384,0.7,2.3,0.302,1.6,3.6,0.438,0.443,0.4,0.4,0.917,0.3,1.2,1.5,1.7,0.3,0.2,0.8,0.7,5.6
417,Terrence Ross,SG,31,TOT,59,9,21.1,3.2,7.3,0.433,1.6,4.1,0.377,1.6,3.2,0.505,0.539,0.4,0.5,0.781,0.3,2,2.3,1.4,0.6,0.1,0.7,1.6,8.3
417,Terrence Ross,SG,31,ORL,42,9,22.5,3.1,7.1,0.431,1.5,3.8,0.381,1.6,3.3,0.489,0.533,0.4,0.5,0.75,0.2,1.8,2,1.3,0.6,0.2,0.9,1.3,8
417,Terrence Ross,SG,31,PHO,17,0,17.6,3.4,7.8,0.436,1.8,4.9,0.369,1.6,2.9,0.551,0.553,0.6,0.7,0.833,0.6,2.5,3.1,1.6,0.5,0,0.3,2.3,9.2
418,Terry Rozier,SG,28,CHO,63,63,35.3,7.8,18.9,0.415,2.6,8,0.327,5.2,10.8,0.48,0.484,2.8,3.5,0.809,0.8,3.3,4.1,5.1,1.2,0.3,2.1,1.9,21.1
419,Ricky Rubio,PG,32,CLE,30,0,16.9,1.9,5.1,0.364,0.6,2.4,0.26,1.2,2.7,0.457,0.425,0.9,1.1,0.788,0.2,1.8,2.1,3.4,0.8,0.2,0.9,1.6,5.2
420,D'Angelo Russell,PG,26,TOT,68,68,32.3,6.2,13.4,0.467,2.7,6.9,0.392,3.5,6.5,0.546,0.568,2.6,3.1,0.834,0.5,2.5,3,6.2,1,0.4,2.6,2,17.8
420,D'Angelo Russell,PG,26,MIN,54,54,32.9,6.3,13.5,0.465,2.7,7,0.391,3.5,6.4,0.546,0.567,2.6,3.1,0.856,0.5,2.5,3.1,6.2,1.1,0.4,2.7,2.2,17.9
420,D'Angelo Russell,PG,26,LAL,14,14,30,6.1,12.9,0.475,2.5,6.3,0.398,3.6,6.6,0.548,0.572,2.4,3.1,0.75,0.4,2.6,3,6.3,0.7,0.5,2.1,1.4,17.1
421,Matt Ryan,SF,25,TOT,33,0,9.3,1.2,3.2,0.374,1,2.5,0.386,0.2,0.7,0.333,0.523,0.3,0.4,0.833,0.1,0.7,0.8,0.5,0.2,0,0.2,0.8,3.7
421,Matt Ryan,SF,25,LAL,12,0,10.8,1.3,4.1,0.306,1.1,2.9,0.371,0.2,1.2,0.143,0.439,0.3,0.4,0.8,0.2,1,1.2,0.3,0.2,0,0.3,1.2,3.9
421,Matt Ryan,SF,25,MIN,21,0,8.4,1.2,2.8,0.431,0.9,2.3,0.396,0.3,0.5,0.6,0.595,0.3,0.3,0.857,0.1,0.5,0.6,0.5,0.1,0,0.2,0.6,3.6
422,Domantas Sabonis,C,26,SAC,76,76,34.9,7.3,11.9,0.614,0.4,1.1,0.363,6.9,10.9,0.638,0.63,4.2,5.6,0.749,3.2,9.2,12.4,7.2,0.8,0.5,2.9,3.6,19.2
423,Luka Šamanić,PF,23,UTA,3,0,16,1.7,5,0.333,0.7,3,0.222,1,2,0.5,0.4,1.7,2,0.833,0,4.3,4.3,1.7,0.7,0.7,1.7,2.7,5.7
424,Dario Šarić,PF,28,TOT,55,12,13.9,2.2,4.8,0.458,0.8,2,0.385,1.4,2.8,0.51,0.538,1.1,1.3,0.843,0.9,2.6,3.5,1.3,0.3,0.1,1,1.8,6.2
424,Dario Šarić,PF,28,PHO,37,12,14.4,2.1,4.8,0.427,0.7,1.9,0.391,1.3,2.9,0.45,0.503,1,1.2,0.818,1.1,2.8,3.8,1.5,0.4,0.1,1,1.9,5.8
424,Dario Šarić,PF,28,OKC,18,0,12.8,2.5,4.8,0.523,0.8,2.2,0.375,1.7,2.6,0.652,0.61,1.3,1.4,0.885,0.6,2.2,2.8,0.9,0.3,0,1.1,1.6,7.1
425,Olivier Sarr,C,23,OKC,6,0,11.2,0.8,2.2,0.385,0.2,1,0.167,0.7,1.2,0.571,0.423,0.5,0.5,1,1.3,1,2.3,0.5,0,0.8,0.5,1.8,2.3
426,Jordan Schakel,SF,24,WAS,2,0,3,0.5,1,0.5,0.5,0.5,1,0,0.5,0,0.75,0,0,,0,0,0,0.5,0.5,0,0,0.5,1.5
427,Admiral Schofield,PF,25,ORL,34,0,11.5,1.4,3,0.471,0.6,1.9,0.349,0.8,1.1,0.667,0.578,0.5,0.6,0.895,0.6,1.1,1.6,0.8,0.2,0.1,0.2,1.6,4
428,Dennis Schröder,PG,29,LAL,64,49,30.2,4.1,9.8,0.418,1.1,3.4,0.333,3,6.4,0.463,0.476,3.3,3.8,0.866,0.3,2.2,2.5,4.5,0.8,0.1,1.7,2.2,12.7
429,Jay Scrubb,SG,22,ORL,1,0,3,1,1,1,0,0,,1,1,1,1,0,0,,0,1,1,0,0,0,0,1,2
430,Dereon Seabron,SG,22,NOP,5,0,2.4,0.4,1,0.4,0,0,,0.4,1,0.4,0.4,0,0,,0.2,0,0.2,0,0,0,0,0.2,0.8
431,Alperen Şengün,C,20,HOU,72,69,28.9,5.9,10.7,0.557,0.2,0.7,0.308,5.7,9.9,0.575,0.567,2.7,3.8,0.71,3.2,5.6,8.8,3.8,0.9,0.9,2.5,3.4,14.8
432,Collin Sexton,SG,24,UTA,47,15,24,4.9,9.7,0.507,1,2.5,0.41,3.9,7.2,0.54,0.559,3.4,4.2,0.822,0.8,1.4,2.2,2.9,0.6,0.1,1.8,2.3,14.3
433,Landry Shamet,SG,25,PHO,36,7,20.8,2.9,7.6,0.383,1.9,5.1,0.378,1,2.5,0.393,0.511,1.2,1.4,0.878,0.3,1.3,1.6,2.1,0.6,0.1,0.9,1.6,9
434,Day'Ron Sharpe,C,21,BRK,44,2,11.4,1.9,3.6,0.541,0.1,0.3,0.545,1.8,3.3,0.541,0.561,0.7,1,0.652,2,2.1,4.1,0.8,0.3,0.7,1,1.9,4.7
435,Shaedon Sharpe,SG,19,POR,77,12,21.9,3.6,7.7,0.475,1.2,3.4,0.368,2.4,4.3,0.557,0.555,0.9,1.2,0.716,0.8,2.1,2.8,1,0.5,0.3,1,1.7,9.4
436,Pascal Siakam,C,28,TOR,68,68,37.5,8.9,18.6,0.477,1.4,4.1,0.327,7.5,14.5,0.52,0.514,5.2,6.7,0.768,1.8,5.9,7.8,6,0.8,0.5,2.4,3.2,24.3
437,Chris Silva,PF,26,DAL,1,0,3,1,1,1,0,0,,1,1,1,1,0,0,,0,0,0,0,0,0,1,2,2
438,Ben Simmons,PG,26,BRK,42,33,26.3,3.2,5.6,0.566,0,0,0,3.2,5.5,0.571,0.566,0.6,1.4,0.439,1,5.3,6.3,6.1,1.3,0.6,2.3,3.3,6.9
439,Kobi Simmons,PG,25,CHO,2,0,3,0,0.5,0,0,0.5,0,0,0,,0,0,0,,0,0,0,0.5,0,0.5,0,0,0
440,Marko Simonovic,C,23,CHI,4,0,2.3,0,0.5,0,0,0.3,0,0,0.3,0,0,0,0,,0.3,0,0.3,0,0,0,0,0.5,0
441,Anfernee Simons,SG,23,POR,62,62,35,7.5,16.9,0.447,3.4,9.1,0.377,4.1,7.8,0.528,0.548,2.6,2.9,0.894,0.3,2.3,2.6,4.1,0.7,0.2,2.1,2.3,21.1
442,Jericho Sims,C,24,NYK,50,16,15.6,1.6,2.1,0.769,0,0,0,1.6,2.1,0.777,0.769,0.2,0.3,0.75,1.9,2.8,4.6,0.5,0.3,0.6,0.5,1.9,3.4
443,Marcus Smart,PG,28,BOS,60,60,32.1,4.1,9.8,0.414,1.9,5.6,0.337,2.2,4.2,0.516,0.51,1.5,1.9,0.757,0.7,2.4,3.1,6.3,1.5,0.4,2.3,2.8,11.4
444,Dennis Smith Jr.,PG,25,CHO,54,15,25.7,3.4,8.4,0.412,0.4,2.1,0.216,3,6.3,0.475,0.438,1.4,2,0.736,0.5,2.6,3.1,4.8,1.4,0.5,1.5,2.3,8.8
445,Dru Smith,SG,25,TOT,12,1,10.9,1.5,3.3,0.45,0.4,1.6,0.263,1.1,1.8,0.619,0.513,0.1,0.1,1,0.2,1.4,1.6,1.3,0.8,0.3,0.2,1.4,3.5
445,Dru Smith,SG,25,MIA,5,1,13.4,1,2.8,0.357,0.2,1.2,0.167,0.8,1.6,0.5,0.393,0,0,,0.2,1.6,1.8,1,0.8,0.6,0.2,2,2.2
445,Dru Smith,SG,25,BRK,7,0,9.1,1.9,3.7,0.5,0.6,1.9,0.308,1.3,1.9,0.692,0.577,0.1,0.1,1,0.1,1.3,1.4,1.6,0.7,0.1,0.1,1,4.4
446,Ish Smith,PG,34,DEN,40,0,8.6,1.1,2.8,0.402,0.1,0.2,0.25,1.1,2.6,0.413,0.411,0,0.1,0.5,0.1,1.1,1.2,2.1,0.2,0.2,1,0.8,2.3
447,Jabari Smith Jr.,PF,19,HOU,76,76,30.9,4.6,11.3,0.404,1.6,5.1,0.306,3,6.2,0.484,0.473,2,2.5,0.782,1.5,5.7,7.2,1.3,0.5,0.9,1.3,2.9,12.6
448,Jalen Smith,PF,22,IND,67,30,18.7,3.5,7.4,0.471,0.8,2.8,0.275,2.7,4.6,0.591,0.523,1.5,2,0.757,1.9,4,5.8,1,0.3,0.9,1,2.2,9.3
449,Xavier Sneed,SF,25,CHO,2,0,12,2,2.5,0.8,1.5,2,0.75,0.5,0.5,1,1.1,1,1,1,0,1.5,1.5,1.5,0,0,1.5,1,6.5
450,Jeremy Sochan,PF,19,SAS,56,53,26,4.5,9.9,0.453,0.6,2.4,0.246,3.9,7.5,0.519,0.483,1.4,2.1,0.698,1.7,3.6,5.3,2.5,0.8,0.4,1.7,2.5,11
451,Jaden Springer,SG,20,PHI,14,0,3.8,0.6,1.6,0.409,0,0.1,0,0.6,1.4,0.45,0.409,0.4,0.4,0.833,0.4,0.5,0.9,0.4,0.4,0.1,0.1,0.6,1.6
452,Lamar Stevens,PF,25,CLE,59,24,18,2.1,4.5,0.455,0.5,1.5,0.307,1.6,3.1,0.528,0.506,0.6,0.9,0.698,0.8,2.5,3.3,0.5,0.4,0.3,0.4,1.3,5.2
453,Isaiah Stewart,C,21,DET,50,47,28.3,3.9,8.8,0.442,1.3,4.1,0.327,2.6,4.7,0.542,0.518,2.2,3,0.738,2.3,5.8,8.1,1.4,0.4,0.7,1.4,2.7,11.3
454,Max Strus,SF,26,MIA,76,29,28.7,4.1,10,0.411,2.5,7.1,0.349,1.6,2.9,0.564,0.535,1,1.1,0.885,0.6,2.7,3.3,2.1,0.6,0.1,0.9,2.1,11.7
455,Jalen Suggs,PG,21,ORL,49,16,23.8,3.5,8.3,0.417,1.2,3.7,0.319,2.3,4.6,0.496,0.488,1.7,2.3,0.711,1,1.9,2.9,3,1.3,0.5,1.8,2.3,9.8
456,Edmond Sumner,SG,27,BRK,51,12,14,2.4,5.2,0.457,0.6,1.7,0.36,1.8,3.5,0.503,0.515,1.9,2,0.923,0.2,1.3,1.5,1.3,0.6,0.2,0.9,1.6,7.2
457,Cole Swider,SF,23,LAL,6,0,6.7,0.5,1.5,0.333,0.5,1.3,0.375,0,0.2,0,0.5,0,0,,0.2,1,1.2,0.7,0,0,0,0.5,1.5
458,Jae'Sean Tate,SF,27,HOU,31,7,21.8,3.5,7.4,0.48,0.4,1.5,0.283,3.1,5.9,0.53,0.509,1.6,2.2,0.725,1.3,2.5,3.8,2.7,0.7,0.2,1.5,3.4,9.1
459,Jayson Tatum,PF,24,BOS,72,72,37.2,9.9,21.2,0.467,3.3,9.3,0.354,6.6,11.9,0.556,0.545,7.2,8.4,0.857,1.1,7.8,8.9,4.6,1,0.7,2.9,2.2,30.3
460,Terry Taylor,PF,23,TOT,29,2,8.2,1.1,2.3,0.485,0.2,0.7,0.263,1,1.7,0.571,0.522,0.2,0.2,0.714,0.8,0.6,1.4,0.3,0.1,0.2,0.3,0.9,2.6
460,Terry Taylor,PF,23,IND,26,2,8.8,1.2,2.5,0.462,0.2,0.7,0.222,1,1.8,0.553,0.492,0.2,0.3,0.714,0.8,0.7,1.5,0.4,0.1,0.2,0.3,0.9,2.7
460,Terry Taylor,PF,23,CHI,3,0,3,1,1,1,0.3,0.3,1,0.7,0.7,1,1.167,0,0,,0.3,0,0.3,0,0,0,0,0.3,2.3
461,Garrett Temple,SG,36,NOP,24,0,6.6,0.8,1.8,0.409,0.5,1,0.44,0.3,0.8,0.368,0.534,0.1,0.2,0.75,0.2,0.5,0.7,0.5,0.4,0.1,0.2,0.6,2.1
462,Dalen Terry,SG,20,CHI,34,0,5.3,0.7,1.6,0.453,0.2,0.6,0.3,0.5,1,0.545,0.509,0.2,0.4,0.533,0.3,0.6,0.9,0.6,0.2,0.1,0.2,0.6,1.8
463,Daniel Theis,C,30,IND,7,1,15.6,3,6.3,0.477,0.3,1.6,0.182,2.7,4.7,0.576,0.5,0.7,1.7,0.417,1,2.1,3.1,1.3,0.3,0.9,0.4,1,7
464,Cam Thomas,SG,21,BRK,55,3,16.4,3.4,7.7,0.435,0.8,2.3,0.363,2.5,5.5,0.465,0.488,2.6,3,0.861,0.1,1.5,1.7,1.4,0.3,0.1,1.1,1,10.1
465,Klay Thompson,SG,32,GSW,67,67,33.2,7.9,18.2,0.433,4.3,10.6,0.407,3.6,7.6,0.469,0.552,1.7,1.9,0.877,0.6,3.6,4.2,2.4,0.7,0.4,1.8,1.9,21.8
466,JT Thor,PF,20,CHO,66,5,13.3,1.3,3.2,0.41,0.5,1.6,0.308,0.8,1.6,0.514,0.488,0.4,0.6,0.659,0.5,1.5,2,0.5,0.3,0.3,0.6,1,3.5
467,Matisse Thybulle,SG,25,TOT,71,28,16.9,1.5,3.6,0.435,0.8,2.1,0.365,0.8,1.5,0.533,0.542,0.3,0.4,0.679,0.6,1.4,2,0.7,1.2,0.5,0.3,1.6,4.1
467,Matisse Thybulle,SG,25,PHI,49,6,12.1,1,2.4,0.431,0.4,1.3,0.333,0.6,1.1,0.547,0.522,0.2,0.2,0.75,0.4,0.9,1.3,0.5,0.9,0.3,0.2,1.3,2.7
467,Matisse Thybulle,SG,25,POR,22,22,27.7,2.7,6.2,0.438,1.5,3.9,0.388,1.2,2.4,0.519,0.558,0.5,0.7,0.625,0.9,2.6,3.5,1.4,1.7,0.8,0.7,2.2,7.4
468,Xavier Tillman Sr.,PF,24,MEM,59,28,19.5,3.1,5,0.624,0.1,0.3,0.267,3.1,4.7,0.643,0.631,0.8,1.5,0.551,2,3,5,1.6,0.9,0.5,0.7,1.6,7.1
469,Isaiah Todd,PF,21,WAS,4,0,3.3,0.3,1,0.25,0,0.8,0,0.3,0.3,1,0.25,0,0,,0,0,0,0,0,0,0,0,0.5
470,Obi Toppin,PF,24,NYK,64,2,14.8,2.5,5.8,0.431,1.2,3.5,0.335,1.3,2.3,0.574,0.531,0.5,0.6,0.784,0.4,2.3,2.7,0.8,0.3,0.2,0.5,1,6.6
471,Juan Toscano-Anderson,SF,29,TOT,48,8,12.8,1.2,2.4,0.496,0.1,0.7,0.219,1,1.7,0.602,0.526,0.3,0.4,0.789,0.5,1.8,2.3,1.1,0.3,0.2,0.6,1.5,2.8
471,Juan Toscano-Anderson,SF,29,LAL,30,7,12.2,1.1,2.2,0.5,0.1,0.7,0.2,1,1.5,0.63,0.53,0.4,0.5,0.733,0.5,1.6,2,0.8,0.3,0.2,0.6,1.5,2.7
471,Juan Toscano-Anderson,SF,29,UTA,18,1,13.9,1.3,2.7,0.49,0.2,0.7,0.25,1.2,2.1,0.568,0.52,0.2,0.2,1,0.5,2.2,2.7,1.4,0.2,0.1,0.7,1.3,3.1
472,Karl-Anthony Towns,PF,27,MIN,26,26,33.2,7.1,14.4,0.491,2,5.7,0.354,5.1,8.8,0.579,0.56,4.2,4.7,0.878,1.7,6.2,7.9,4.8,0.8,0.5,3.1,3.9,20.3
473,Gary Trent Jr.,SG,24,TOR,63,43,32.6,6.3,14.4,0.434,2.6,6.9,0.371,3.7,7.5,0.494,0.524,2.6,3.1,0.838,0.5,2.2,2.7,1.6,1.6,0.2,0.8,1.6,17.7
474,P.J. Tucker,PF,37,PHI,73,73,25.6,1.2,3,0.417,0.7,1.9,0.382,0.5,1.1,0.476,0.537,0.3,0.3,0.826,1.3,2.7,4,0.8,0.5,0.2,0.6,2.4,3.5
475,Myles Turner,C,26,IND,62,62,29.4,6.5,11.8,0.548,1.5,4,0.373,5,7.8,0.638,0.612,3.5,4.5,0.783,1.4,6.1,7.5,1.4,0.6,2.3,1.7,3.5,18
476,Stanley Umude,SG,23,DET,1,0,2,0,1,0,0,1,0,0,0,,0,2,2,1,0,0,0,0,1,1,0,0,2
477,Jonas Valančiūnas,C,30,NOP,75,75,25,5.8,10.4,0.552,0.5,1.4,0.349,5.3,9,0.583,0.575,2.4,2.9,0.824,2.9,7.2,10.1,1.8,0.3,0.6,2.1,3.1,14.4
478,Jarred Vanderbilt,PF,23,TOT,74,61,24.3,3.2,5.9,0.547,0.4,1.1,0.321,2.8,4.7,0.602,0.579,1.2,1.8,0.692,2.2,5.4,7.6,2.4,1.1,0.3,1.3,2.4,8
478,Jarred Vanderbilt,PF,23,UTA,52,41,24.1,3.3,6,0.556,0.4,1.1,0.333,3,4.9,0.606,0.587,1.3,2,0.657,2.3,5.5,7.9,2.7,1,0.3,1.3,2.6,8.3
478,Jarred Vanderbilt,PF,23,LAL,22,20,24.8,2.9,5.5,0.525,0.4,1.2,0.296,2.5,4.3,0.589,0.557,1.1,1.4,0.806,2,5.2,7.1,1.8,1.3,0.2,1.2,2.2,7.3
479,Fred VanVleet,PG,28,TOR,66,66,37,6.5,16.3,0.397,3,8.8,0.345,3.4,7.5,0.459,0.49,3.7,4.1,0.897,0.4,3.7,4.2,7.2,1.8,0.5,2.1,2.8,19.7
480,Devin Vassell,SG,22,SAS,38,32,31,6.9,15.7,0.439,2.7,7,0.387,4.2,8.7,0.48,0.525,2.1,2.6,0.78,0.2,3.7,3.9,3.6,1.1,0.4,1.5,1.5,18.5
481,Gabe Vincent,PG,26,MIA,64,30,26.1,3.3,8.3,0.401,1.7,5.2,0.333,1.6,3.2,0.51,0.504,1.1,1.2,0.883,0.4,1.7,2.1,2.4,0.9,0.1,1.4,2.3,9.5
482,Noah Vonleh,C,27,BOS,23,1,7.4,0.5,1,0.458,0,0.2,0.25,0.4,0.9,0.5,0.479,0.1,0.1,1,0.8,1.3,2.1,0.3,0.1,0.3,0.5,1.5,1.1
483,Nikola Vučević,C,32,CHI,78,78,33.8,7.3,14,0.521,1.5,4.3,0.354,5.8,9.7,0.595,0.576,1.6,1.9,0.824,2,9.1,11.1,3.3,0.7,0.7,1.7,2.2,17.7
484,Dean Wade,PF,26,CLE,41,10,19.9,1.6,3.9,0.415,1,2.8,0.351,0.6,1.1,0.578,0.541,0.4,0.6,0.652,0.4,2.9,3.4,0.8,0.6,0.5,0.3,2,4.6
485,Franz Wagner,SF,21,ORL,77,77,32.9,6.9,14.1,0.488,1.7,4.6,0.364,5.2,9.5,0.548,0.548,3.4,4,0.838,0.9,3.2,4.1,3.6,0.9,0.2,2.1,2.3,18.8
486,Moritz Wagner,C,25,ORL,55,17,19.6,3.5,7,0.508,0.9,2.9,0.312,2.7,4.1,0.643,0.572,2.8,3.3,0.844,1.2,3.3,4.6,1.5,0.7,0.2,1.2,2.4,10.7
487,Ish Wainright,SF,28,PHO,56,1,15.2,1.4,3.8,0.384,1,2.8,0.346,0.5,0.9,0.5,0.514,0.4,0.5,0.862,0.8,1.5,2.3,0.9,0.7,0.4,0.4,2,4.3
488,Jabari Walker,SF,20,POR,52,0,10.2,1.3,3.1,0.411,0.3,0.9,0.289,1,2.3,0.458,0.451,0.6,0.7,0.784,0.8,1.4,2.2,0.6,0.2,0.2,0.4,1.1,3.4
489,Kemba Walker,PG,32,DAL,9,1,16,2.7,6.3,0.421,0.8,3.1,0.25,1.9,3.2,0.586,0.482,1.9,2.3,0.81,0.3,1.4,1.8,2.1,0.2,0.2,0.4,1.2,8
490,Lonnie Walker IV,SG,24,LAL,55,32,23.5,4.3,9.6,0.447,1.6,4.5,0.363,2.6,5.1,0.522,0.532,1.7,1.9,0.858,0.3,1.7,2,1.2,0.5,0.3,0.8,1.3,11.8
491,John Wall,PG,32,LAC,34,3,22.2,4.1,9.9,0.408,1,3.2,0.303,3.1,6.7,0.459,0.457,2.3,3.3,0.681,0.4,2.3,2.7,5.2,0.8,0.4,2.4,1.7,11.4
492,T.J. Warren,PF-SF,29,TOT,41,0,16.5,3.2,6.6,0.491,0.5,1.6,0.333,2.7,5,0.542,0.532,0.7,0.9,0.8,0.6,2.2,2.9,1,0.5,0.3,0.5,1.6,7.7
492,T.J. Warren,PF,29,BRK,26,0,18.8,3.9,7.7,0.51,0.6,1.8,0.333,3.3,5.8,0.566,0.55,1,1.3,0.818,0.5,2.3,2.8,1.1,0.6,0.3,0.7,1.7,9.5
492,T.J. Warren,SF,29,PHO,15,0,12.4,2,4.6,0.435,0.4,1.2,0.333,1.6,3.4,0.471,0.478,0.1,0.1,0.5,0.9,2.2,3.1,0.7,0.5,0.3,0.2,1.3,4.5
493,Duane Washington Jr.,SG,22,PHO,31,3,12.7,3,8.3,0.367,1.3,3.6,0.36,1.7,4.7,0.372,0.445,0.5,0.8,0.667,0.1,1.1,1.2,2,0.2,0.1,1.1,0.7,7.9
494,P.J. Washington,PF,24,CHO,73,73,32.6,5.9,13.4,0.444,2,5.9,0.348,3.9,7.5,0.518,0.52,1.7,2.4,0.73,1,3.9,4.9,2.4,0.9,1.1,1.5,2.6,15.7
495,TyTy Washington Jr.,PG,21,HOU,30,2,13.7,1.8,5.2,0.355,0.6,2.6,0.218,1.3,2.6,0.494,0.41,0.3,0.5,0.625,0.1,1.3,1.4,1.6,0.4,0.1,0.5,0.9,4.6
496,Yuta Watanabe,SF,28,BRK,55,0,16.1,2,4,0.495,1,2.3,0.448,1,1.7,0.558,0.623,0.6,0.8,0.733,0.5,1.9,2.4,0.9,0.5,0.3,0.4,1.4,5.6
497,Lindy Waters III,SG,25,OKC,39,0,12.9,1.6,4.2,0.388,1.4,3.9,0.358,0.3,0.4,0.714,0.552,0.4,0.5,0.8,0.3,1.5,1.8,0.7,0.3,0.3,0.3,1,5.1
498,Trendon Watford,PF,22,POR,59,9,18.9,2.7,4.9,0.556,0.4,1,0.373,2.3,3.9,0.603,0.594,1.1,1.6,0.717,0.7,3.1,3.8,2,0.5,0.2,1.1,1.9,6.9
499,Peyton Watson,SG,20,DEN,19,0,5.2,1,1.8,0.543,0.3,0.4,0.625,0.7,1.4,0.519,0.614,0,0.1,0,0.3,0.8,1.2,0.2,0,0.3,0.2,0.4,2.3
500,Blake Wesley,SG,19,SAS,33,1,17,1.8,5.6,0.315,0.5,1.4,0.348,1.3,4.2,0.304,0.359,0.8,1.3,0.619,0.3,1.7,2,2.5,0.6,0.1,1.7,1.8,4.8
501,Russell Westbrook,PG,34,TOT,70,21,29.1,5.8,13.5,0.432,1.2,3.9,0.302,4.7,9.6,0.486,0.476,2.8,4.3,0.657,1.1,4.7,5.8,7.6,1.1,0.5,3.5,2.3,15.7
501,Russell Westbrook,PG,34,LAL,52,3,28.7,5.8,14,0.417,1.2,4.1,0.296,4.6,9.9,0.467,0.46,3,4.6,0.655,1.1,5,6.2,7.5,1,0.4,3.5,2.3,15.9
501,Russell Westbrook,PG,34,LAC,18,18,30.5,5.8,12.1,0.484,1.1,3.4,0.323,4.7,8.6,0.548,0.53,2.4,3.6,0.662,1.1,3.7,4.8,7.8,1.2,0.5,3.5,2.2,15.2
502,Coby White,SG,22,CHI,70,1,23.2,3.5,7.9,0.438,1.8,4.7,0.375,1.7,3.2,0.529,0.549,0.8,1,0.866,0.2,2.6,2.8,2.7,0.8,0.1,0.9,1.7,9.5
503,Derrick White,SG,28,BOS,78,66,28.3,4.2,9.2,0.461,1.8,4.7,0.384,2.4,4.4,0.543,0.56,2,2.3,0.877,0.6,2.9,3.5,3.9,0.7,0.9,1.1,2.2,12.3
504,Jack White,SF,25,DEN,16,0,3.2,0.4,1,0.438,0.2,0.5,0.375,0.3,0.5,0.5,0.531,0.1,0.2,0.667,0.2,0.4,0.6,0.2,0.1,0.1,0.1,0.5,1.2
505,Joe Wieskamp,SF,23,TOR,6,0,5.2,0.5,1.3,0.375,0.5,1.2,0.429,0,0.2,0,0.563,0,0,,0,0.5,0.5,0.2,0,0,0.2,0.3,1.5
506,Aaron Wiggins,SG,24,OKC,67,14,18.4,2.6,5.1,0.509,0.7,1.7,0.4,1.9,3.4,0.564,0.576,0.8,1,0.815,1,2,3,1.1,0.5,0.2,0.8,1.6,6.7
507,Andrew Wiggins,SF,27,GSW,37,37,32.2,6.8,14.3,0.473,2.4,6.1,0.396,4.4,8.2,0.53,0.557,1.2,1.9,0.611,1.6,3.4,5,2.3,1.2,0.8,1.3,2.9,17.1
508,Lindell Wigginton,PG,24,MIL,5,0,3.6,0.6,1.8,0.333,0,0.8,0,0.6,1,0.6,0.333,0.4,0.4,1,0,0.2,0.2,0.4,0,0,0.4,0.4,1.6
509,Alondes Williams,SG,23,BRK,1,0,5,0,0,,0,0,,0,0,,,0,0,,0,1,1,0,0,0,2,1,0
510,Grant Williams,PF,24,BOS,75,22,26.3,2.8,6.1,0.459,1.5,3.7,0.402,1.3,2.4,0.548,0.582,1.2,1.5,0.784,1.1,3.6,4.7,1.7,0.5,0.4,1,2.5,8.3
511,Jalen Williams,SG,21,OKC,73,60,30.3,5.5,10.5,0.523,1,2.7,0.354,4.6,7.8,0.582,0.569,2.1,2.6,0.809,1.1,3.4,4.5,3.3,1.4,0.5,1.6,2.6,14.1
512,Jaylin Williams,PF,20,OKC,47,34,18.6,2.1,4.7,0.437,0.9,2.2,0.4,1.2,2.5,0.47,0.532,0.8,1.1,0.712,0.8,4.1,4.9,1.5,0.6,0.3,0.7,2.3,5.8
513,Jeenathan Williams,SG,23,POR,1,0,13,3,6,0.5,1,1,1,2,5,0.4,0.583,0,0,,4,1,5,0,0,0,1,3,7
514,Kenrich Williams,PF,28,OKC,53,10,22.8,3.4,6.5,0.517,0.9,2.5,0.373,2.4,4,0.608,0.59,0.3,0.7,0.436,1.8,3.1,4.9,2,0.8,0.3,0.6,2.1,8
515,Mark Williams,C,21,CHO,41,15,18.8,3.6,5.7,0.624,0,0,,3.6,5.7,0.624,0.624,1.5,2.2,0.685,2.2,4.7,6.9,0.4,0.6,1,0.9,2.1,8.6
516,Patrick Williams,PF,21,CHI,78,63,28.3,3.8,8.2,0.465,1.4,3.3,0.414,2.4,4.8,0.5,0.549,1.1,1.3,0.87,0.9,3,4,1.2,0.9,0.8,1.2,1.8,10.1
517,Robert Williams,C,25,BOS,33,18,23.2,3.6,4.9,0.745,0,0,0,3.6,4.8,0.75,0.745,0.7,1.2,0.632,3,5.3,8.3,1.4,0.6,1.3,0.9,1.9,8
518,Vince Williams Jr.,SG,22,MEM,12,0,4.4,0.3,1.3,0.267,0.2,0.9,0.182,0.2,0.3,0.5,0.333,0,0,,0.2,0.4,0.6,0.3,0.3,0.1,0.1,0.5,0.8
519,Ziaire Williams,SF,21,MEM,36,3,14.7,2.1,4.9,0.424,0.6,2.5,0.247,1.5,2.4,0.602,0.486,0.4,0.5,0.778,0.4,1.7,2.1,0.7,0.4,0.1,1,1.6,5.2
520,Zion Williamson,PF,22,NOP,29,29,33,9.8,16.2,0.608,0.2,0.7,0.368,9.6,15.5,0.618,0.615,6.1,8.6,0.714,2,5,7,4.6,1.1,0.6,3.4,2.2,26
521,Dylan Windler,SF,26,CLE,3,0,3.3,0.7,1,0.667,0.3,0.7,0.5,0.3,0.3,1,0.833,0,0,,0,0,0,0.3,0.3,0,0.3,0,1.7
522,Justise Winslow,SF,26,POR,29,11,26.8,2.8,6.8,0.409,0.5,1.6,0.311,2.3,5.3,0.438,0.444,0.7,1,0.714,1.7,3.3,5,3.4,1,0.4,1.5,3.1,6.8
523,James Wiseman,C,21,TOT,41,18,18.9,4.2,7.4,0.569,0.1,0.5,0.211,4.1,7,0.593,0.576,1.4,2,0.7,1.6,4.3,5.9,0.7,0.2,0.6,1.1,2.4,9.9
523,James Wiseman,C,21,GSW,21,0,12.5,2.8,4.5,0.628,0,0.1,0.5,2.8,4.4,0.63,0.633,1.2,1.8,0.684,0.9,2.6,3.5,0.7,0.1,0.3,0.7,1.9,6.9
523,James Wiseman,C,21,DET,20,18,25.7,5.7,10.5,0.543,0.2,0.9,0.176,5.6,9.7,0.575,0.55,1.5,2.1,0.714,2.4,6.2,8.5,0.7,0.2,0.9,1.6,3,13.1
524,Christian Wood,C,27,DAL,66,17,26,5.9,11.4,0.519,1.5,4.1,0.375,4.4,7.3,0.6,0.586,3.3,4.2,0.771,1.3,6.1,7.4,1.8,0.4,1,1.8,2.5,16.7
525,Delon Wright,PG,30,WAS,49,13,24.5,2.7,5.8,0.472,0.8,2.4,0.35,1.9,3.4,0.557,0.544,1,1.2,0.86,1.2,2.3,3.5,3.9,1.9,0.3,0.9,1.2,7.3
526,McKinley Wright IV,PG,24,DAL,25,1,11.3,1.4,3,0.473,0.3,0.9,0.318,1.1,2.1,0.538,0.52,0.4,0.6,0.688,0.3,1.3,1.6,2,0.3,0.2,0.7,0.8,3.5
527,Thaddeus Young,PF,34,TOR,54,9,14.7,2,3.7,0.545,0.1,0.6,0.176,1.9,3,0.622,0.561,0.3,0.5,0.692,1.3,1.8,3.1,1.4,1,0.1,0.8,1.6,4.4
528,Trae Young,PG,24,ATL,71,71,34.6,8.3,19.2,0.429,2.1,6.3,0.338,6.1,12.9,0.474,0.485,7.6,8.5,0.886,0.8,2.2,3,9.9,1.1,0.1,4,1.4,26.2
529,Omer Yurtseven,C,24,MIA,6,0,6.2,0.8,1.5,0.556,0,0.2,0,0.8,1.3,0.625,0.556,0.3,0.5,0.667,0.7,0.8,1.5,0,0.2,0.2,0.2,1,2
530,Cody Zeller,C,30,MIA,13,1,14.1,2.1,3.6,0.574,0,0.2,0,2.1,3.5,0.6,0.574,1.6,2.3,0.7,1.8,2.5,4.2,0.5,0.2,0.3,0.8,2.2,5.8
531,Ivica Zubac,C,25,LAC,73,73,28.6,4.2,6.7,0.632,0,0,0,4.2,6.7,0.634,0.632,2.2,3.2,0.691,3.1,6.8,9.9,1,0.4,1.3,1.6,2.9,10.6
