Rk,Player,Pos,Age,Tm,G,MP,PER,TS%,3PAr,FTr,ORB%,DRB%,TRB%,AST%,STL%,BLK%,TOV%,USG%,Column1,OWS,DWS,WS,WS/48,2,OBPM,DBPM,BPM,VORP
476,Stanley Umude,SG,23,DET,1,2,65.5,0.532,1,2,0,0,0,0,24.2,44,0,39.9,,0,0,0,0.624,,15.9,32.7,48.6,0
280,A.J. Lawson,SG,22,MIN,1,2,34.5,1,0,0,0,54.9,28,0,0,0,0,21.4,,0,0,0,0.378,,-2.3,7.5,5.2,0
125,Tyler Dorsey,SG,26,DAL,3,8,45.6,0.9,0.4,0,14.5,14.8,14.7,0,0,0,0,28.3,,0.1,0,0.1,0.368,,16.5,1.5,18,0
88,Justin Champagnie,SF,21,TOR,3,11,28.9,1,0,0,9.6,33.4,20.6,15.3,0,0,0,11.6,,0.1,0,0.1,0.33,,6.1,1.9,8,0
460,Terry Taylor,PF,23,CHI,3,9,32.5,1.167,0.333,0,12.9,0,6.3,0,0,0,0,14.7,,0.1,0,0.1,0.32,,11.9,1.1,13,0
246,Nikola Jokić,C,27,DEN,67,2272,31.9,0.704,0.145,0.41,8.6,31.3,20.2,46.7,1.8,1.7,16.5,27.2,,11.4,3.6,15,0.317,,8.8,4.5,13.3,8.8
426,Jordan Schakel,SF,24,WAS,2,6,24.4,0.75,0.5,0,0,0,0,23.6,8.1,0,0,14.5,,0,0,0,0.316,,7.7,9.3,17,0
75,Jimmy Butler,SF,33,MIA,62,2073,27.4,0.643,0.116,0.623,7.7,13.1,10.3,27,2.7,1,8.3,25.7,,8.9,2.8,11.7,0.271,,6.5,1.9,8.5,5.5
429,Jay Scrubb,SG,22,ORL,1,3,23.7,1,0,0,0,37.7,18.9,0,0,0,0,14.3,,0,0,0,0.262,,-3.6,4.2,0.6,0
142,Joel Embiid,C,28,PHI,64,2215,31.2,0.651,0.153,0.584,6,28.3,17.4,23,1.5,4.5,12,37.2,,8,3.8,11.8,0.256,,6.6,2.3,8.9,6.1
136,Kevin Durant,SF,34,PHO,6,195,27.7,0.723,0.281,0.365,1.1,21.5,11.1,19.6,0.5,3.7,10.5,27.2,,0.7,0.2,1,0.243,,8.9,2.2,11.1,0.7
263,Braxton Key,SF,25,DET,3,9,18.5,1.064,0,2,0,12.7,6.1,0,0,0,0,8.9,,0,0,0,0.241,,2.2,0.8,2.9,0
109,Anthony Davis,C,29,LAL,52,1762,28.3,0.635,0.08,0.463,11.3,27.2,19.5,12.7,1.4,4.9,9.5,28.9,,5.4,3.1,8.5,0.232,,5,1.7,6.6,3.8
141,Keon Ellis,SG,23,SAC,13,50,18.5,0.768,0.769,0.231,9.3,9,9.2,10.5,2.9,1.7,6.5,13.2,,0.2,0.1,0.2,0.229,,3.5,1.1,4.6,0.1
517,Robert Williams,C,25,BOS,33,767,20.1,0.743,0.006,0.236,14.3,24.7,19.6,8.4,1.2,5,14.4,11.8,,2.2,1.4,3.7,0.229,,1.1,2.1,3.2,1
163,Shai Gilgeous-Alexander,PG,24,OKC,66,2345,27.4,0.626,0.118,0.535,2.5,12.2,7.3,25.5,2.2,2.6,10.2,33,,8.2,2.9,11,0.226,,5.8,1.5,7.3,5.4
380,Jakob Poeltl,C,27,TOR,22,630,24.1,0.667,0,0.333,12.4,26.5,18.9,12.2,2.2,5.2,10,17.6,,1.8,1.1,2.9,0.221,,2.6,1.8,4.4,1
54,Tony Bradley,C,25,CHI,12,33,21.7,0.69,0.417,0.333,3.5,33.9,19,4.4,1.5,2.9,6.8,19.8,,0.1,0.1,0.2,0.22,,4.4,0.5,4.9,0.1
422,Domantas Sabonis,C,26,SAC,76,2650,23.3,0.668,0.088,0.471,10.5,29.9,20.3,29.7,1.2,1.2,16.9,21.3,,9.2,2.9,12.1,0.22,,3.9,1.7,5.6,5.1
402,Davon Reed,SG,27,LAL,7,26,17.3,0.694,0.5,1,4.3,11.9,8.2,20.1,3.6,0,0,9.4,,0.1,0,0.1,0.216,,0.1,4.6,4.6,0
158,Luka Garza,C,24,MIN,27,237,23.2,0.661,0.342,0.468,14.9,13.4,14.2,12.1,0.6,0.7,9.5,26.7,,0.9,0.2,1.1,0.215,,2.5,-2.3,0.2,0.1
288,Damian Lillard,PG,32,POR,58,2107,26.9,0.645,0.547,0.464,2.4,12.8,7.6,35.2,1.2,0.8,11.7,33.9,,8.4,0.9,9.3,0.211,,8.3,-1.2,7.1,4.9
70,Thomas Bryant,C,25,LAL,41,876,21.5,0.712,0.166,0.359,8.5,25,17,5,0.8,2.2,7.4,18.2,,2.7,1.2,3.9,0.211,,2.4,-0.1,2.2,0.9
292,Kevon Looney,C,26,GSW,79,1881,17.8,0.639,0.003,0.409,15.5,26.8,21.2,13.5,1.3,2.3,9.1,10.8,,5.5,2.6,8.2,0.208,,0.7,1.2,1.9,1.8
11,Giannis Antetokounmpo,PF,28,MIL,62,1991,29.2,0.606,0.135,0.598,7.5,29.8,19.1,32.9,1.2,2.1,13,38.7,,4.9,3.7,8.6,0.208,,5.9,2.7,8.6,5.4
8,Jarrett Allen,C,24,CLE,66,2174,20,0.672,0.015,0.361,11.7,23.7,17.7,7.5,1.2,3.4,11.4,16.5,,5.5,3.9,9.4,0.207,,1.4,1,2.5,2.4
124,Luka Dončić,PG,23,DAL,64,2339,28.8,0.61,0.37,0.477,2.6,25.4,13.9,42.9,1.9,1.3,12,37.8,,7.2,2.9,10,0.206,,7.7,1.4,9,6.5
376,Gary Payton II,PG,30,GSW,4,54,17.9,0.731,0.364,0.273,14.5,12.1,13.3,7.3,1.8,3.3,7.5,10.4,,0.2,0.1,0.2,0.204,,2.3,2,4.3,0.1
271,Luke Kornet,C,27,BOS,65,743,17.2,0.724,0.072,0.242,12.1,14.6,13.4,8.4,0.7,5.2,12.4,11.4,,2.1,1.1,3.2,0.204,,-0.1,1.3,1.2,0.6
42,Goga Bitadze,C,23,ORL,13,172,19.7,0.623,0.196,0.304,13.2,21.1,17.1,14.4,1.4,6.7,8.7,14.3,,0.5,0.3,0.7,0.203,,0.4,2,2.3,0.2
410,Mitchell Robinson,C,24,NYK,57,1533,18.6,0.674,0,0.432,17.6,19.6,18.6,4.4,1.7,5.9,10.5,9.6,,4,2.5,6.4,0.201,,1,1.5,2.5,1.7
227,Kyrie Irving,PG,30,DAL,19,719,24.2,0.632,0.382,0.258,3.4,12.4,7.8,27.6,1.6,1.5,7.8,27.5,,2.4,0.6,3,0.201,,5.3,-0.5,4.8,1.2
81,Clint Capela,C,28,ATL,62,1657,22.2,0.653,0.002,0.225,16.4,29.4,22.8,4.8,1.2,3.8,8.2,15.8,,4.7,2.2,6.9,0.201,,2.4,-0.2,2.2,1.7
92,Brandon Clarke,PF,26,MEM,56,1090,20,0.682,0.017,0.393,9,21.1,15.1,9.5,1.5,3.1,11.8,17.7,,2.7,1.8,4.5,0.2,,0.7,1.8,2.5,1.2
136,Kevin Durant,PF-SF,34,TOT,45,1598,26.4,0.679,0.26,0.387,1.1,19.7,10.6,25,1,3.5,13.3,31,,4.7,2,6.7,0.2,,6.2,1.3,7.5,3.8
262,Walker Kessler,C,21,UTA,74,1703,21.6,0.702,0.007,0.384,14.9,24.4,19.7,5.8,0.7,8.5,10.7,13.3,,4.6,2.5,7.1,0.2,,1.4,1.5,2.9,2.1
284,Kawhi Leonard,SF,31,LAC,49,1640,24.1,0.624,0.284,0.319,3.8,17.1,10.5,19.7,2.2,1.5,8,27,,4.7,2.1,6.7,0.197,,5.2,1.1,6.3,3.4
183,Tyrese Haliburton,PG,22,IND,56,1883,23.6,0.624,0.478,0.239,1.9,10.2,6,47.7,2.3,1.1,13.2,23.9,,6.4,1.3,7.7,0.196,,6.9,0.2,7.2,4.4
445,Dru Smith,SG,25,BRK,7,64,20.2,0.586,0.5,0.038,1.8,15.4,8.8,26,3.8,1.3,3.6,19,,0.2,0.1,0.3,0.194,,1.7,4.3,6,0.1
196,Josh Hart,SG,27,NYK,22,654,17.7,0.743,0.341,0.356,6.6,18.1,12.3,16.1,2.2,1.4,17,12.4,,1.8,0.9,2.6,0.194,,1.9,2.3,4.2,1
136,Kevin Durant,PF,34,BRK,39,1403,26.2,0.673,0.257,0.39,1.2,19.4,10.5,25.8,1.1,3.5,13.7,31.5,,4,1.7,5.7,0.194,,5.8,1.2,7,3.2
94,Nic Claxton,C,23,BRK,73,2168,20.8,0.69,0.004,0.425,9.3,25.2,17.4,9.3,1.4,7.2,12.2,15.6,,4.9,3.8,8.7,0.193,,0.8,2.1,3,2.7
388,Micah Potter,PF,24,UTA,5,27,18.6,0.875,0.375,0,4.1,7.9,6,17,0,0,11.1,13.9,,0.1,0,0.1,0.192,,3.7,-0.1,3.6,0
187,James Harden,PG,33,PHI,56,2067,21.8,0.609,0.496,0.439,2.3,17.2,9.9,44,1.7,1.3,16.5,25.2,,5.7,2.5,8.2,0.191,,5.1,0.3,5.4,3.9
313,Skylar Mays,SG,25,POR,2,60,18.7,0.774,0.471,0.059,1.9,7.7,4.8,38.3,0.8,0,18.7,15.6,,0.2,0,0.2,0.19,,2,-1.6,0.4,0
366,Onyeka Okongwu,C,22,ATL,76,1758,19.5,0.685,0.017,0.407,12.7,21.4,17,5.7,1.4,4.9,12.1,15,,4.6,2.3,6.9,0.188,,0,0.8,0.9,1.3
459,Jayson Tatum,PF,24,BOS,72,2675,23.8,0.609,0.441,0.398,3.1,22.7,13.1,20.7,1.4,1.6,10.4,32.7,,6.2,4.2,10.4,0.186,,4.9,0.6,5.6,5.1
66,Moses Brown,C,23,LAC,34,288,22.7,0.607,0,0.75,22.4,31.6,27.1,2.2,0.5,4.3,9.9,21.5,,0.7,0.4,1.1,0.185,,0.9,-1.3,-0.4,0.1
107,Stephen Curry,PG,34,GSW,53,1849,23.9,0.654,0.564,0.246,2.3,16.8,9.6,30,1.3,0.9,12.6,31.1,,5.2,1.8,7.1,0.184,,7.4,0,7.4,4.4
403,Paul Reed,C,23,PHI,65,683,19,0.624,0.022,0.261,18.1,23.3,20.8,5.2,2.9,6.1,16.3,16.1,,1.2,1.4,2.6,0.183,,-1.7,1.4,-0.3,0.3
70,Thomas Bryant,C,25,TOT,58,1060,19.6,0.681,0.155,0.349,9,24.3,16.9,4.4,0.7,2.3,8.4,18.2,,2.7,1.4,4,0.183,,1,-0.6,0.4,0.7
379,Mason Plumlee,C,32,LAC,20,401,18,0.748,0,0.684,10.7,30.5,20.7,12.3,1.2,2.4,22.7,13.9,,0.9,0.6,1.5,0.182,,-0.1,1.3,1.2,0.3
379,Mason Plumlee,C,32,TOT,76,1998,19.6,0.686,0,0.653,11.9,25.5,18.6,17.3,1.1,2,16,15.3,,5.2,2.3,7.6,0.182,,1.2,1,2.2,2.1
379,Mason Plumlee,C,32,CHO,56,1597,20,0.673,0,0.646,12.2,24.2,18,18.6,1,1.9,14.6,15.7,,4.3,1.7,6.1,0.182,,1.5,0.9,2.4,1.8
520,Zion Williamson,PF,22,NOP,29,956,25.2,0.652,0.041,0.529,6.9,17.1,12,24.3,1.6,1.6,14.6,30.4,,2.3,1.3,3.6,0.181,,4.8,1,5.8,1.9
66,Moses Brown,C,23,TOT,36,294,22.2,0.607,0,0.75,22,31,26.5,2.1,0.7,4.2,10.5,21.2,,0.6,0.4,1.1,0.179,,0.6,-1.2,-0.6,0.1
69,Jalen Brunson,PG,26,NYK,68,2379,21.3,0.597,0.269,0.328,1.8,9.3,5.6,28.9,1.3,0.6,9.4,27.3,,6.9,1.9,8.8,0.177,,4.4,-0.5,3.8,3.5
261,Luke Kennard,SG,26,MEM,22,524,15,0.735,0.795,0.113,1.6,11.7,6.7,11.8,1,0.2,8.6,13.7,,1.4,0.5,1.9,0.177,,2.3,-0.2,2.1,0.5
387,Kristaps Porziņģis,C,27,WAS,65,2120,23.2,0.627,0.35,0.409,6.3,21.9,14.4,13,1.3,4,10.2,27.5,,5,2.8,7.8,0.176,,3.8,0.5,4.3,3.4
155,Daniel Gafford,C,24,WAS,75,1536,19,0.73,0,0.471,11.7,17.8,14.9,7.2,1,5.3,15.2,14.8,,3.8,1.9,5.6,0.176,,0,0.7,0.7,1
303,Lauri Markkanen,SF,25,UTA,66,2273,22.1,0.64,0.446,0.348,6.3,20.7,13.6,8.6,0.9,1.4,8.8,26.6,,6.4,1.9,8.3,0.175,,4.8,-1,3.8,3.3
220,Jay Huff,C,24,WAS,4,15,17.5,0.833,0.5,2.5,0,28.6,14.9,24.8,0,0,32.3,18,,0,0,0.1,0.175,,0,2.7,2.7,0
468,Xavier Tillman Sr.,PF,24,MEM,59,1149,17.4,0.63,0.051,0.302,10.8,16.5,13.6,10.9,2.3,2.2,11.4,13.6,,2.3,1.9,4.2,0.174,,0.3,1.7,2,1.2
350,Larry Nance Jr.,PF,30,NOP,61,1290,16.3,0.644,0.143,0.256,8.9,20.7,14.8,11.7,2,2.6,10.7,12.1,,2.6,2.1,4.7,0.174,,0.1,2.1,2.1,1.3
165,Rudy Gobert,C,30,MIN,67,2073,19,0.675,0.006,0.624,12.4,29.7,21.2,5.4,1.3,3.8,14.9,16.4,,4.1,3.4,7.5,0.174,,0,0.6,0.6,1.4
332,Donovan Mitchell,SG,26,CLE,67,2391,22.8,0.611,0.454,0.26,3.1,10.9,7,21.4,2.1,1,10.3,32.1,,5.2,3.5,8.6,0.173,,5.5,0.6,6.1,4.9
232,Jaren Jackson Jr.,C,23,MEM,60,1688,21.2,0.608,0.347,0.361,6.4,19,12.7,4.6,1.8,9.7,10,24.3,,2.5,3.6,6.1,0.173,,0.4,2.2,2.6,2
204,Willy Hernangómez,C,28,NOP,38,458,20.8,0.61,0.065,0.615,14.3,30.2,22.3,10.7,1.8,2.7,15.4,23.7,,0.8,0.8,1.6,0.172,,-0.2,0.5,0.3,0.3
389,Dwight Powell,C,31,DAL,74,1436,15.6,0.737,0.019,0.627,11.6,13.5,12.5,6.8,1.7,1.6,16,12.8,,3.7,1.3,5,0.168,,-1.2,0,-1.2,0.3
330,Josh Minott,SF,20,MIN,14,92,19.2,0.613,0.176,0.235,6.2,23.9,15.2,6.3,2.1,5.7,7.4,18.8,,0.2,0.2,0.3,0.166,,-1.2,0.7,-0.5,0
58,Mikal Bridges,SF,26,BRK,23,809,22.9,0.635,0.357,0.371,3.1,11.7,7.5,12.7,1.3,1.5,7.8,29.7,,2.1,0.7,2.8,0.163,,5.4,-0.6,4.8,1.4
293,Brook Lopez,C,34,MIL,76,2306,18.4,0.629,0.409,0.209,7.2,15.5,11.6,6.1,0.7,6.6,9.9,19.2,,3.9,3.9,7.8,0.162,,0.7,1.3,2,2.3
396,Neemias Queta,C,23,SAC,4,25,17.7,0.676,0,0.25,18.6,22.6,20.6,6,0,3.5,10.1,17,,0.1,0,0.1,0.162,,-2.2,-0.7,-2.9,0
240,Cameron Johnson,PF,26,PHO,17,429,17.4,0.629,0.572,0.191,3.6,13.5,8.4,8.9,1.7,1.3,5.1,19.6,,0.9,0.5,1.4,0.161,,3.2,0.6,3.8,0.6
60,Malcolm Brogdon,PG,30,BOS,65,1681,18.2,0.616,0.412,0.25,2.6,14.9,8.8,21.6,1.3,0.9,10.8,22.5,,3.5,2.2,5.6,0.161,,2.1,0.5,2.7,2
227,Kyrie Irving,PG,30,TOT,59,2197,22.5,0.612,0.412,0.231,3.1,12.3,7.8,25.2,1.4,1.8,8.8,29,,5.3,2,7.3,0.16,,4.8,-0.7,4.1,3.4
285,Meyers Leonard,C,30,MIL,6,51,14.3,0.761,0.714,0.286,4.3,21.5,13.3,0,0.9,0,11.3,14.7,,0.1,0.1,0.2,0.16,,0.5,-0.3,0.1,0
56,Jarrell Brantley,PF,26,UTA,4,39,18.6,0.739,0.643,0.143,2.8,13.7,8.3,11.4,0,4.3,11.8,18.1,,0.1,0,0.1,0.16,,3.1,0.3,3.5,0.1
49,Devin Booker,SG,26,PHO,51,1765,22.2,0.603,0.291,0.331,2.8,12,7.3,27.5,1.3,0.9,10.6,32,,4.1,1.8,5.9,0.159,,4.7,-0.2,4.4,2.9
167,Aaron Gordon,PF,27,DEN,66,1994,19.6,0.618,0.23,0.415,9.6,15.3,12.5,14.2,1.3,2.1,10,21.2,,4.5,2.1,6.6,0.159,,2.5,-0.3,2.2,2.1
132,Andre Drummond,C,29,CHI,64,816,20.8,0.61,0.011,0.432,18.8,40.5,29.9,6,2.6,3,18.9,21.2,,0.8,1.9,2.7,0.158,,-1.2,0.5,-0.7,0.3
486,Moritz Wagner,C,25,ORL,55,1078,18,0.638,0.409,0.469,7.1,19.2,13.2,11.5,1.7,1.1,12.3,21.1,,2.3,1.3,3.6,0.158,,0.7,0.3,1,0.8
116,DeMar DeRozan,SF,33,CHI,71,2585,20.9,0.596,0.106,0.408,1.5,13,7.4,22.4,1.5,1.4,9.1,27.9,,5.5,3,8.5,0.158,,1.9,0.3,2.2,2.7
406,Nick Richards,C,25,CHO,62,1151,17.9,0.669,0.003,0.56,12.8,23.5,18.1,4.4,0.4,5,13.1,15.6,,2.5,1.3,3.8,0.158,,-1.3,-0.4,-1.6,0.1
503,Derrick White,SG,28,BOS,78,2206,15.5,0.603,0.517,0.25,2.5,11,6.8,19.2,1.1,2.9,9.5,17.4,,4.3,2.9,7.2,0.156,,1.1,1.3,2.4,2.4
442,Jericho Sims,C,24,NYK,50,778,13.8,0.774,0.01,0.154,13.1,19.6,16.4,4.1,1,3.4,19,7.6,,1.6,1,2.5,0.156,,-1.1,0.7,-0.5,0.3
214,Al Horford,C,36,BOS,61,1860,13.8,0.634,0.671,0.046,4.2,17.8,11.1,12.9,0.8,2.7,7.1,11.8,,3.5,2.6,6,0.156,,1.6,1.6,3.2,2.4
51,Chris Boucher,PF,30,TOR,72,1451,18.1,0.586,0.358,0.315,11.1,21.4,15.9,2.8,1.5,4.1,6.2,18,,2.8,1.9,4.7,0.155,,0.7,-0.8,-0.1,0.7
515,Mark Williams,C,21,CHO,41,771,19.4,0.646,0,0.38,12,27.2,19.4,3.5,1.6,4.7,12.2,17,,1.3,1.2,2.5,0.154,,-0.8,0.5,-0.4,0.3
374,Chris Paul,PG,37,PHO,57,1819,17.5,0.544,0.38,0.25,1.5,13.6,7.4,39.6,2.4,1,13.5,19.2,,3.4,2.4,5.8,0.153,,1.7,1.2,2.9,2.3
113,Darius Days,PF,23,HOU,4,25,18.3,0.582,0.833,0.167,4.4,22.3,13.2,6.3,0,3.9,0,21.4,,0.1,0,0.1,0.153,,4.7,-1.4,3.3,0
380,Jakob Poeltl,C,27,TOT,68,1829,21.2,0.639,0.002,0.333,13,25.6,19,15.4,1.7,4.1,15.2,18.3,,3.7,2.1,5.8,0.152,,1.2,0.9,2.1,1.9
24,Desmond Bane,SG,24,MEM,55,1731,19.2,0.606,0.428,0.224,2.4,14.2,8.3,20.8,1.5,1.1,11.2,26.2,,3.2,2.3,5.5,0.152,,3.3,0.3,3.6,2.4
451,Jaden Springer,SG,20,PHI,14,53,18.5,0.467,0.091,0.273,11.3,15.4,13.4,14.1,5.6,3.5,3.9,21.7,,0,0.1,0.2,0.151,,-3.4,4.1,0.6,0
353,Raul Neto,PG,30,CLE,46,459,12.6,0.636,0.4,0.284,2.1,9,5.5,18.9,1.7,0.6,13,12,,0.8,0.6,1.4,0.151,,-1.5,2,0.4,0.3
333,Evan Mobley,PF,21,CLE,77,2668,18,0.592,0.108,0.323,8.1,22.7,15.4,12.4,1.1,4.1,12,20.2,,3.6,4.7,8.4,0.151,,0,1.6,1.7,2.4
22,Mo Bamba,C,24,ORL,40,681,16.3,0.613,0.505,0.238,7.8,22.8,15.3,9,0.9,5.4,8.5,16.3,,1.2,1,2.1,0.151,,0.4,0.9,1.3,0.6
156,Darius Garland,PG,23,CLE,68,2409,19,0.588,0.367,0.286,1.4,7.6,4.5,34.1,1.8,0.3,13.5,26.9,,4.6,2.9,7.5,0.15,,3.2,-0.7,2.6,2.7
521,Dylan Windler,SF,26,CLE,3,10,19.1,0.833,0.667,0,0,0,0,15.2,5,0,25,17.9,,0,0,0,0.149,,3.2,3.5,6.6,0
98,Mike Conley,PG,35,MIN,21,661,15.6,0.609,0.583,0.282,2.8,9.1,6,21.7,1.9,0.4,9.7,16.6,,1.4,0.6,2,0.148,,1.1,0.7,1.8,0.6
211,Jrue Holiday,PG,32,MIL,65,2116,19.1,0.585,0.403,0.179,3.8,11.8,8,33.6,1.7,1,15,24.9,,3.7,2.8,6.5,0.148,,2.9,0.1,3,2.7
340,Ja Morant,PG,23,MEM,59,1889,23.4,0.555,0.246,0.41,3.4,15.9,9.7,41.2,1.6,0.7,12.5,35.2,,3.3,2.6,5.8,0.148,,5.2,0.5,5.7,3.7
152,De'Aaron Fox,PG,25,SAC,70,2356,21.7,0.603,0.277,0.339,1.7,12.4,7.1,29,1.6,0.8,10.7,29.9,,5.4,1.8,7.2,0.147,,3.3,-0.9,2.4,2.6
259,Frank Kaminsky,C,29,ATL,26,176,14.9,0.72,0.523,0.273,1.8,20.8,11.2,15.3,1.4,0.5,15.4,13.9,,0.4,0.2,0.5,0.147,,0.7,1.8,2.5,0.2
190,Montrezl Harrell,C,29,PHI,54,638,16.9,0.626,0.021,0.458,11.7,14.8,13.2,7.4,1.2,3.6,12.3,18.3,,1.2,0.8,2,0.147,,-1.3,-0.2,-1.5,0.1
176,Javonte Green,SG,29,CHI,31,467,14.9,0.656,0.321,0.406,6.7,13.9,10.4,6.6,2.4,4.4,13.8,13.7,,0.6,0.8,1.4,0.146,,-0.9,2.6,1.7,0.4
344,Trey Murphy III,SF,22,NOP,75,2287,14.8,0.647,0.625,0.223,2.8,10.6,6.7,6.4,1.7,1.8,6.9,16.3,,4.2,2.7,6.9,0.146,,1.3,0.4,1.7,2.1
180,Blake Griffin,C,33,BOS,37,523,12.8,0.587,0.492,0.258,8.9,20.2,14.6,13.2,1.2,1,12.7,13.2,,0.8,0.7,1.6,0.146,,-1.6,1.1,-0.6,0.2
531,Ivica Zubac,C,25,LAC,73,2089,16.5,0.658,0.004,0.47,12.4,26.4,19.5,5.2,0.6,4,16.2,14.7,,3.5,2.8,6.3,0.146,,-1.2,0.2,-1,0.5
525,Delon Wright,PG,30,WAS,49,1201,16.2,0.579,0.412,0.201,5.6,10.3,8.1,20.8,3.7,1.2,12.5,12.8,,2,1.6,3.6,0.145,,0.3,3.1,3.3,1.6
326,Chimezie Metu,C,25,SAC,63,657,17.2,0.639,0.179,0.28,8.1,24.6,16.5,8.5,1.5,2.8,11.1,17.1,,1.2,0.8,2,0.145,,-0.4,0.3,-0.1,0.3
483,Nikola Vučević,C,32,CHI,78,2633,19.1,0.596,0.308,0.136,6.8,30.2,18.7,14.6,1.1,2.1,10.4,21.7,,3.8,4.2,7.9,0.145,,2,0.7,2.7,3.1
189,Ron Harper Jr.,SF,22,TOR,6,18,18.3,0.625,0.625,0,11.7,6.8,9.5,0,0,0,0,18.9,,0.1,0,0.1,0.145,,6.6,-2.9,3.7,0
2,Steven Adams,C,29,MEM,42,1133,17.5,0.564,0.004,0.49,20.1,25.3,22.7,11.2,1.5,3.7,19.8,14.6,,1.3,2.1,3.4,0.144,,-0.3,0.9,0.5,0.7
399,Julius Randle,PF,28,NYK,77,2737,20.4,0.581,0.444,0.371,5.7,25.1,15.4,18.7,0.9,0.7,11.5,29.6,,5,3.2,8.2,0.144,,3.9,-0.2,3.7,3.9
17,Deandre Ayton,C,24,PHO,65,1975,19.8,0.613,0.028,0.22,9.1,27.9,18.3,9.2,0.9,2.3,10.9,23.1,,3,2.9,5.9,0.144,,0.9,0,0.8,1.4
475,Myles Turner,C,26,IND,62,1825,20.1,0.651,0.34,0.377,5.4,23,14.2,7.5,0.9,6.6,10.8,22,,3.4,2.1,5.5,0.144,,1.4,0.7,2.1,1.9
477,Jonas Valančiūnas,C,30,NOP,75,1875,19.5,0.614,0.135,0.276,13.1,32.9,23,11.1,0.5,2.3,14.9,23.6,,2.8,2.8,5.6,0.144,,0.1,-0.5,-0.4,0.8
135,Kris Dunn,PG,28,UTA,18,429,18,0.578,0.18,0.234,2,15.7,9,31,2.1,1.8,12,20.4,,0.8,0.4,1.3,0.143,,0.1,1.4,1.5,0.4
349,Svi Mykhailiuk,SF,25,NYK,13,40,15.9,0.739,0.833,0.417,0,19.2,9.6,3.5,1.2,0,12.3,17.4,,0.1,0,0.1,0.143,,3.6,0.5,4.1,0.1
302,Boban Marjanović,C,34,HOU,29,152,22,0.705,0.02,0.51,11.5,26.4,18.9,8.5,1.3,0.6,17.2,20.6,,0.4,0.1,0.4,0.142,,2.5,-1.7,0.8,0.1
523,James Wiseman,C,21,GSW,21,262,17.1,0.655,0.021,0.404,7.7,22.8,15.3,8.1,0.5,2.4,11.2,20,,0.5,0.3,0.8,0.142,,-1.3,-0.5,-1.8,0
385,Otto Porter Jr.,SF,29,TOR,8,146,14,0.656,0.567,0.267,4.3,10.9,7.4,7.2,3.7,0,10.7,10.9,,0.2,0.2,0.4,0.141,,-1.3,2,0.7,0.1
253,Tyus Jones,PG,26,MEM,77,1853,16.1,0.548,0.455,0.14,1.6,9.2,5.4,28.5,2,0.2,8.8,17.9,,3.3,2.2,5.5,0.141,,1.3,0.3,1.6,1.7
240,Cameron Johnson,PF,26,TOT,39,1104,17,0.612,0.55,0.26,3.1,14.2,8.7,9.6,1.9,1,6.1,20.8,,2,1.3,3.2,0.141,,2,0.4,2.5,1.3
42,Goga Bitadze,C,23,TOT,34,374,16.6,0.584,0.235,0.388,13.5,16.8,15.2,13.2,1.8,5.4,12.9,14.9,,0.6,0.5,1.1,0.141,,-1.1,1.5,0.5,0.2
22,Mo Bamba,C,24,TOT,47,762,15.8,0.605,0.517,0.261,8.3,24.1,16.3,8.7,0.8,5.2,10.2,16.6,,1.1,1.1,2.2,0.141,,-0.2,0.8,0.6,0.5
449,Xavier Sneed,SF,25,CHO,2,24,17,1.105,0.8,0.4,0,13.6,6.7,18.1,0,0,33.8,15.6,,0.1,0,0.1,0.141,,3.1,0,3.1,0
227,Kyrie Irving,PG,30,BRK,40,1478,21.6,0.604,0.425,0.219,3,12.3,7.8,24,1.4,1.9,9.2,29.7,,2.9,1.4,4.3,0.14,,4.5,-0.8,3.7,2.1
236,LeBron James,PF,38,LAL,51,1818,23.9,0.58,0.301,0.277,3.9,20.9,12.7,33.7,1.2,1.3,11.2,33.1,,3,2.3,5.3,0.14,,5.4,0.7,6.1,3.7
478,Jarred Vanderbilt,PF,23,UTA,52,1254,16.1,0.607,0.183,0.328,10.6,24.6,17.7,15.3,2,1,16,14.1,,2.1,1.5,3.6,0.139,,0,1.5,1.5,1.1
197,Isaiah Hartenstein,C,24,NYK,79,1569,14.3,0.566,0.118,0.227,14.5,22.2,18.3,7.6,1.6,3.8,15.7,11.2,,2.1,2.4,4.5,0.138,,-1.5,1.2,-0.3,0.7
417,Terrence Ross,SG,31,PHO,17,299,14.9,0.568,0.632,0.09,3.6,16.3,9.8,13.8,1.5,0,3.5,20.4,,0.5,0.3,0.9,0.138,,0.8,0.1,0.8,0.2
334,Isaiah Mobley,PF,23,CLE,11,33,14.2,0.55,0.3,0,3.6,39.3,21.4,0,1.5,2.8,0,13.6,,0,0.1,0.1,0.138,,-0.8,1.6,0.8,0
259,Frank Kaminsky,C,29,TOT,35,218,14.8,0.65,0.536,0.286,2.5,20.9,11.6,17.2,1.3,1.3,12.5,13.9,,0.4,0.2,0.6,0.138,,0.8,1.8,2.6,0.3
386,Bobby Portis,PF,27,MIL,67,1732,17.6,0.574,0.312,0.151,9.2,28.1,19.1,8.7,0.7,0.8,8.8,21.5,,2.3,2.7,5,0.138,,1,-0.6,0.4,1.1
143,Drew Eubanks,C,25,POR,76,1525,16,0.67,0.039,0.394,9.5,20.9,15.2,9.1,1.3,5.4,15.4,12.3,,2.7,1.6,4.3,0.136,,-1,1,0,0.8
436,Pascal Siakam,C,28,TOR,68,2552,20.1,0.563,0.222,0.361,5.2,19.3,11.7,25.2,1.1,1.3,10.1,27.2,,4.9,2.4,7.2,0.136,,3.2,-0.3,2.9,3.2
524,Christian Wood,C,27,DAL,66,1714,20.7,0.627,0.361,0.371,5.8,27.8,16.7,11.9,0.8,3.6,12,26.4,,2.8,2.1,4.8,0.136,,2,-0.2,1.7,1.6
397,Immanuel Quickley,PG,23,NYK,78,2237,15.9,0.573,0.482,0.266,2.8,12.8,7.8,17,1.7,0.6,8.5,20.4,,4,2.2,6.3,0.134,,1,0.5,1.5,2
249,Derrick Jones Jr.,SF,25,CHI,60,837,13.9,0.604,0.324,0.385,7.8,11.4,9.6,5.4,1.5,3.9,8.8,14.4,,1.2,1.1,2.3,0.134,,-1,0.7,-0.3,0.4
312,Tyrese Maxey,SG,22,PHI,59,1976,17.5,0.607,0.403,0.235,1.4,8.8,5.1,17.3,1.2,0.3,7.1,24.3,,3.9,1.6,5.5,0.134,,2.1,-1.2,0.9,1.5
154,Wenyen Gabriel,PF,25,LAL,64,973,14.6,0.627,0.136,0.336,13,16.6,14.8,4.7,1.2,2.9,13,14.3,,1.5,1.2,2.7,0.134,,-2.2,-0.1,-2.3,-0.1
400,Austin Reaves,SG,24,LAL,60,1706,14.5,0.676,0.435,0.545,2.1,9,5.7,15.4,0.9,0.9,14.3,16.1,,3.5,1.3,4.8,0.134,,0.3,0.1,0.5,1.1
530,Cody Zeller,C,30,MIA,13,183,15.2,0.623,0.043,0.638,14.2,21.3,17.6,5.8,0.8,2.2,15.4,17.3,,0.3,0.2,0.5,0.134,,-2.7,-0.8,-3.5,-0.1
478,Jarred Vanderbilt,PF,23,TOT,74,1800,15.3,0.603,0.194,0.307,10,23.7,17,13.5,2.1,0.9,16.1,13.6,,2.6,2.4,5,0.133,,-0.5,1.7,1.2,1.5
3,Bam Adebayo,C,25,MIA,72,2535,20,0.59,0.011,0.363,7.8,23.9,15.6,16.2,1.7,2.4,12.8,25.4,,3.3,3.7,7,0.133,,0.6,0.8,1.4,2.2
5,Santi Aldama,PF,22,MEM,75,1651,14,0.595,0.508,0.276,5.3,17.7,11.5,7.4,1.3,2.6,9.1,15.9,,2.2,2.4,4.6,0.133,,-0.3,0.8,0.5,1
348,Mike Muscala,C,31,OKC,43,622,13.8,0.602,0.7,0.192,3.9,19.7,11.7,8.2,0.8,2.8,6,15.7,,1,0.7,1.7,0.133,,0.2,-0.2,0.1,0.3
514,Kenrich Williams,PF,28,OKC,53,1206,14.4,0.585,0.387,0.113,8.5,14.9,11.6,11.7,1.8,1.1,8.1,13.7,,2,1.3,3.3,0.132,,0.1,0.4,0.4,0.7
238,Isaiah Joe,SG,23,OKC,71,1346,14.6,0.628,0.781,0.19,2,11.5,6.7,8.5,1.6,0.5,6.2,17.5,,2.5,1.2,3.7,0.132,,1.4,-0.5,0.9,1
137,Jalen Duren,C,19,DET,63,1542,17.4,0.645,0.005,0.408,15.1,24.3,19.5,7,1.3,3.1,15.2,14.1,,2.8,1.4,4.2,0.132,,-0.3,-0.4,-0.7,0.5
276,Jock Landale,C,27,PHO,65,920,16.2,0.595,0.265,0.329,13.2,18.2,15.7,9.7,0.9,2.9,13.6,19,,1.4,1.1,2.5,0.132,,-1,-0.3,-1.3,0.2
228,Jonathan Isaac,PF,25,ORL,11,124,20.3,0.483,0.283,0.17,13.7,26.5,20.1,7.3,5.5,3.1,6.6,21.1,,0,0.3,0.3,0.131,,1,3,4,0.2
175,JaMychal Green,PF,32,GSW,56,785,15.7,0.651,0.44,0.268,10.2,18.3,14.3,8.9,1.5,2.5,15.7,17.7,,1.2,1,2.1,0.131,,-0.7,0.1,-0.6,0.3
103,Jae Crowder,SF,32,MIL,14,251,11.2,0.578,0.667,0.204,5.2,15.1,10.4,9.6,1.1,1.6,7.8,10.7,,0.3,0.3,0.7,0.131,,-1.5,1.1,-0.4,0.1
58,Mikal Bridges,SF,26,TOT,79,2849,17.1,0.597,0.347,0.279,3,10.8,6.9,13.7,1.5,1.8,8.2,22.2,,4.8,2.9,7.7,0.13,,1.8,0.2,2.1,2.9
411,Orlando Robinson,C,22,MIA,29,397,13.7,0.572,0.058,0.337,12.5,22.7,17.4,7.7,1.5,3.1,13.2,12.7,,0.5,0.6,1.1,0.13,,-2.9,0.8,-2.1,0
84,Wendell Carter Jr.,C,23,ORL,55,1641,17.4,0.621,0.362,0.322,8.3,24.9,16.6,12,0.8,1.9,13.4,20.7,,2.5,2,4.4,0.13,,0.9,0,0.9,1.2
240,Cameron Johnson,PF,26,BRK,22,675,16.7,0.601,0.535,0.305,2.7,14.6,8.8,10,2.1,0.9,6.7,21.5,,1,0.8,1.8,0.128,,1.3,0.3,1.7,0.6
77,Jamal Cain,SF,23,MIA,15,186,13.9,0.579,0.24,0.32,7.3,17.7,12.3,7.3,2.1,0,6.6,14.6,,0.3,0.2,0.5,0.128,,-2.1,1.3,-0.8,0.1
18,Udoka Azubuike,C,23,UTA,32,256,16.7,0.758,0,0.302,10.7,27.2,19,5,1.1,3.9,21,12.4,,0.3,0.3,0.7,0.128,,-1.3,0.6,-0.7,0.1
420,D'Angelo Russell,PG,26,LAL,14,420,17.9,0.599,0.486,0.243,1.6,8.9,5.3,31,1.1,1.4,13,23.2,,0.8,0.4,1.1,0.127,,3.5,-0.3,3.1,0.5
10,Kyle Anderson,PF,29,MIN,66,1863,15,0.587,0.212,0.288,3.9,17.3,10.7,22.5,1.9,2.8,15.8,14.5,,2.4,2.5,4.9,0.126,,0.3,2.3,2.6,2.2
231,Isaiah Jackson,C,21,IND,60,966,17.6,0.593,0.047,0.445,12.1,17.6,14.8,7.1,1.4,7.8,11.4,17.5,,1.4,1.1,2.5,0.126,,-1.6,1,-0.6,0.3
434,Day'Ron Sharpe,C,21,BRK,44,503,17.1,0.581,0.07,0.293,20.6,20.1,20.4,9.4,1.3,4.9,19.2,19.3,,0.6,0.7,1.3,0.126,,-2.2,-0.6,-2.7,-0.1
279,Zach LaVine,SG,27,CHI,74,2671,19.2,0.611,0.393,0.312,1.8,12.2,7.1,18.4,1.2,0.6,11.2,28.3,,4.3,2.7,7,0.126,,2.8,-0.7,2.1,2.7
98,Mike Conley,PG,35,TOT,64,1937,14.5,0.573,0.573,0.265,1.9,8.1,5,29.9,1.7,0.6,13.2,16.2,,3.7,1.3,5.1,0.125,,0.8,-0.1,0.7,1.3
7,Grayson Allen,SG,27,MIL,72,1972,12.3,0.612,0.657,0.226,3.4,8.9,6.3,10.9,1.5,0.6,10.5,14.6,,2.9,2.3,5.1,0.125,,-0.6,0.7,0.1,1
327,Khris Middleton,SF,31,MIL,32,792,17.8,0.555,0.4,0.253,3.8,14,9.1,31.2,1.4,0.5,13.5,27.5,,1,1,2.1,0.125,,1.3,-0.3,1,0.6
168,Eric Gordon,SG,34,LAC,19,484,14.2,0.651,0.601,0.248,0.9,6.4,3.7,12.5,1.1,1.5,9.1,16.9,,0.9,0.3,1.3,0.125,,1.2,-0.4,0.8,0.3
479,Fred VanVleet,PG,28,TOR,66,2440,17.2,0.543,0.541,0.251,1.3,12.4,6.4,28.2,2.3,1.4,10.3,23.3,,3.7,2.6,6.3,0.124,,2.2,0.4,2.6,2.8
472,Karl-Anthony Towns,PF,27,MIN,26,862,18.1,0.615,0.392,0.328,6,20.5,13.4,21.6,1.1,1.4,15.9,25.3,,1.2,1,2.2,0.124,,1.8,0.8,2.6,1
209,Malcolm Hill,SF,27,CHI,5,9,15.5,0.625,0.75,0,0,37.3,19,0,0,0,0,19.6,,0,0,0,0.124,,1.6,0.6,2.2,0
528,Trae Young,PG,24,ATL,71,2460,21.9,0.57,0.329,0.444,2.5,7,4.7,42,1.5,0.3,14.9,32.8,,5,1.3,6.3,0.123,,5.2,-2,3.2,3.2
356,Zeke Nnaji,PF,22,DEN,50,673,13.1,0.635,0.302,0.337,10.7,10.9,10.8,3.1,1.2,2.9,10.8,14.3,,1.1,0.7,1.7,0.123,,-2.3,-0.8,-3.1,-0.2
199,Sam Hauser,PF,25,BOS,76,1184,12.2,0.63,0.845,0.048,3.1,14.1,8.7,6.8,1.1,1.4,6.7,14.3,,1.6,1.5,3,0.123,,0.3,0.4,0.7,0.8
427,Admiral Schofield,PF,25,ORL,34,390,11.2,0.612,0.618,0.186,5.8,10.4,8.1,9.3,0.7,1,6,12.9,,0.7,0.3,1,0.123,,-1.3,-0.3,-1.6,0
445,Dru Smith,SG,25,TOT,12,131,13.5,0.519,0.475,0.025,1.7,15,8.3,17.9,3.4,3,4.7,14.4,,0.1,0.2,0.3,0.122,,-2.4,3.7,1.3,0.1
196,Josh Hart,SF-SG,27,TOT,73,2358,14.2,0.629,0.317,0.335,6.4,20.8,13.6,16.1,1.7,0.7,16.3,12.6,,3.8,2.2,6,0.122,,-0.1,1.2,1.1,1.8
367,Isaac Okoro,SF,22,CLE,76,1652,10.8,0.614,0.483,0.291,3.7,9.6,6.7,7,1.7,1.7,9.5,11.9,,1.9,2.3,4.2,0.122,,-1.9,1.6,-0.3,0.7
31,Charles Bassey,C,22,SAS,35,508,18.8,0.658,0.059,0.274,15.6,26.6,20.8,12.9,1.5,5.4,21.3,15.7,,0.7,0.6,1.3,0.122,,-0.7,1.2,0.5,0.3
343,Monte Morris,PG,27,WAS,62,1695,15,0.579,0.396,0.15,1.8,11.7,6.9,26.5,1.2,0.6,9.9,15.7,,3.1,1.2,4.3,0.122,,0.8,-0.4,0.5,1.1
200,Jaxson Hayes,C,22,NOP,46,607,13.9,0.608,0.187,0.535,7.3,17.2,12.2,7.7,1.6,3,13.9,15.7,,0.7,0.9,1.5,0.121,,-2.2,1.1,-1.1,0.1
266,Nathan Knight,PF,25,MIN,36,284,14.7,0.656,0.282,0.705,8.4,12.8,10.6,6.3,1.5,1.9,15.7,18.2,,0.4,0.3,0.7,0.121,,-2,-0.8,-2.8,-0.1
237,Ty Jerome,SG,25,GSW,44,814,12.8,0.594,0.372,0.169,1,9.5,5.3,22.3,1.3,0.5,10.3,15,,1.4,0.6,2.1,0.121,,-1.1,0.2,-0.9,0.2
171,A.J. Green,SG,23,MIL,33,320,12,0.628,0.836,0.034,1.7,10.6,6.3,8.6,0.9,0,7.1,16.7,,0.5,0.3,0.8,0.121,,0,-0.6,-0.5,0.1
478,Jarred Vanderbilt,PF,23,LAL,22,546,13.5,0.593,0.221,0.254,8.7,21.6,15.4,9.3,2.4,0.8,16.1,12.5,,0.5,0.8,1.4,0.12,,-1.6,2.1,0.6,0.4
511,Jalen Williams,SG,21,OKC,73,2215,15.7,0.603,0.257,0.244,3.9,12.4,8.1,15.4,2.2,1.5,12.3,18.3,,3,2.5,5.5,0.12,,-0.4,0.7,0.3,1.3
384,Michael Porter Jr.,SF,24,DEN,60,1745,16.9,0.624,0.549,0.151,4.1,17.3,10.9,5.2,1,1.4,7.2,22.4,,2.6,1.8,4.3,0.119,,2,-1.7,0.3,1
376,Gary Payton II,PG,30,TOT,19,309,12.5,0.717,0.404,0.135,6.2,13,9.6,10.9,2.8,0.9,19.1,9.5,,0.5,0.3,0.8,0.118,,-1.3,1.6,0.2,0.2
287,Kira Lewis Jr.,PG,21,NOP,24,232,14.3,0.579,0.386,0.227,2.4,13.7,8.1,14.2,2.1,0.8,9.4,19.7,,0.3,0.3,0.6,0.118,,-0.9,0.6,-0.4,0.1
194,Tobias Harris,PF,30,PHI,72,2378,15.1,0.604,0.382,0.153,3.3,17,10.3,11.6,1.4,1.6,9,18.3,,3.1,2.8,5.9,0.118,,0.7,0.1,0.9,1.7
291,Kenneth Lofton Jr.,PF,20,MEM,20,106,17.8,0.535,0.214,0.232,10,19.9,15,24.7,1.3,1.7,11.5,27.3,,0.1,0.2,0.3,0.118,,-0.9,-0.3,-1.2,0
213,Richaun Holmes,C,29,SAC,39,322,13,0.705,0.079,0.25,9.4,16.8,13.2,2.5,0.4,3,14.2,13.1,,0.5,0.2,0.8,0.118,,-2.1,-0.8,-2.9,-0.1
504,Jack White,SF,25,DEN,16,51,12.6,0.548,0.5,0.188,7,13.2,10.2,7.7,1.9,3.5,5.5,15.6,,0.1,0.1,0.1,0.117,,-2.2,0.4,-1.8,0
58,Mikal Bridges,SF,26,PHO,56,2040,14.8,0.574,0.342,0.228,3,10.4,6.6,14.1,1.6,2,8.5,19.2,,2.7,2.2,5,0.117,,0.4,0.6,1,1.6
412,Jeremiah Robinson-Earl,PF,22,OKC,41,772,13.5,0.558,0.447,0.17,9.6,14.5,12,6.9,1.5,1.3,7,14.7,,1.1,0.8,1.9,0.117,,-0.5,-0.7,-1.1,0.2
13,Cole Anthony,PG,22,ORL,58,1495,15.9,0.57,0.338,0.279,3.3,17.5,10.4,22.5,1.2,2,11.5,21.4,,2,1.6,3.6,0.117,,0.6,0.5,1.1,1.2
248,Damian Jones,C,27,LAL,22,176,13.9,0.6,0.081,0.541,11.3,21.7,16.7,3,0.8,5.8,16.4,13.2,,0.2,0.3,0.4,0.117,,-2.6,0.7,-2,0
122,Spencer Dinwiddie,PG,29,DAL,53,1808,16.2,0.599,0.491,0.298,1.2,9.5,5.3,23.9,1.1,0.8,10.3,21.9,,3.4,1,4.4,0.116,,2,-1.2,0.9,1.3
348,Mike Muscala,C,31,TOT,59,844,12.4,0.59,0.716,0.155,3.8,19.1,11.4,7.1,0.8,2.5,6.6,15.1,,1,1,2,0.116,,-0.7,-0.1,-0.7,0.3
101,Robert Covington,PF,32,LAC,46,752,14,0.577,0.596,0.178,4.2,19.1,11.7,10.3,2.4,3.6,11,15.8,,0.6,1.2,1.8,0.115,,-0.7,2.2,1.5,0.7
346,Jamal Murray,PG,25,DEN,63,2095,17.9,0.57,0.41,0.209,2.7,11.1,7,27.3,1.5,0.6,11.3,26.2,,3.2,1.9,5,0.115,,2.6,-1.3,1.3,1.7
380,Jakob Poeltl,C,27,SAS,46,1199,19.8,0.625,0.003,0.332,13.4,25.2,19,17.1,1.4,3.6,17.8,18.7,,1.8,1.1,2.9,0.115,,0.5,0.3,0.8,0.8
529,Omer Yurtseven,C,24,MIA,6,37,12.1,0.581,0.111,0.333,12.2,16.4,14.2,0,1.3,2.7,8.8,13.6,,0,0,0.1,0.115,,-4.4,-2.3,-6.7,0
261,Luke Kennard,SG,26,TOT,57,1249,12.4,0.67,0.696,0.102,1.2,11.8,6.5,9.1,1.2,0.4,10.6,14.5,,1.9,1.1,3,0.115,,0.2,-0.1,0.1,0.7
300,Terance Mann,SG,26,LAC,78,1809,13.6,0.619,0.381,0.228,4.8,12,8.4,14.2,1.1,1,11.9,15.4,,2.8,1.5,4.3,0.115,,-0.2,0.1,-0.1,0.9
27,Harrison Barnes,PF,30,SAC,78,2554,13.9,0.629,0.449,0.533,3.7,12.3,8,6.4,1,0.3,8.3,17,,4.7,1.4,6.1,0.115,,0.4,-1.5,-1.2,0.6
164,Anthony Gill,PF,30,WAS,55,543,11.7,0.63,0.207,0.505,7.1,10.5,8.9,7,0.5,1.9,8.7,11.9,,1,0.3,1.3,0.115,,-2,-0.6,-2.6,-0.1
160,Paul George,SG,32,LAC,56,1939,19.6,0.588,0.424,0.293,2.6,17,9.9,24.4,2.1,0.9,13.4,29.5,,2.3,2.4,4.6,0.114,,2.4,0.3,2.8,2.3
98,Mike Conley,PG,35,UTA,43,1276,13.9,0.552,0.568,0.256,1.5,7.5,4.5,34.1,1.6,0.7,15.1,16.1,,2.3,0.7,3,0.114,,0.6,-0.5,0.1,0.7
404,Naz Reid,C,23,MIN,68,1251,18.6,0.617,0.376,0.22,6.7,22.8,14.9,9.7,1.6,3.7,12.7,24.8,,1.1,1.9,3,0.114,,0.3,0.7,1,1
496,Yuta Watanabe,SF,28,BRK,55,885,12.2,0.64,0.568,0.205,3.7,12.9,8.4,7.2,1.4,1.5,7.7,13,,1.3,0.8,2.1,0.114,,-0.3,0,-0.4,0.4
114,Dewayne Dedmon,C,33,MIA,30,350,15.6,0.576,0.287,0.341,9,28.2,18.2,7.3,1,4.1,11.4,21.2,,0.3,0.5,0.8,0.114,,-2.4,0.5,-1.9,0
195,Shaquille Harrison,SG,29,POR,2,42,12.1,0.538,0.429,0.143,0,24.8,12.3,31.1,3.5,0,21.2,9.8,,0,0.1,0.1,0.113,,-4.7,2.7,-1.9,0
122,Spencer Dinwiddie,PG,29,TOT,76,2618,16.1,0.579,0.469,0.32,1.2,10.1,5.7,27.3,1.2,0.7,11,22.1,,4.4,1.7,6.1,0.112,,1.6,-1,0.7,1.8
295,Kevin Love,PF,34,CLE,41,821,13.6,0.555,0.684,0.221,6,34.2,20.1,12.8,0.4,0.8,13.1,19.6,,0.5,1.4,1.9,0.112,,0.8,0.6,1.4,0.7
86,Alex Caruso,PG,28,CHI,64,1523,11.6,0.59,0.531,0.264,3,10.9,7.1,15.6,3.1,2.7,19.3,11.1,,1,2.5,3.5,0.111,,-2.1,3.4,1.3,1.3
431,Alperen Şengün,C,20,HOU,72,2078,19.6,0.599,0.068,0.355,12.1,21.7,16.8,20.9,1.5,3.1,17,21.4,,3.3,1.5,4.8,0.111,,1,0.1,1.2,1.7
424,Dario Šarić,PF,28,OKC,18,230,15.3,0.657,0.465,0.302,5,19.1,11.9,10,1,0,16.3,21.1,,0.3,0.2,0.5,0.111,,-0.6,-0.7,-1.3,0
40,Saddiq Bey,SF,23,ATL,21,527,14.5,0.592,0.55,0.153,6.7,15.2,10.9,6.3,1.4,0.2,6.9,17.3,,0.8,0.4,1.2,0.11,,1.3,-1.5,-0.1,0.2
72,Alec Burks,SG,31,DET,51,1122,16.5,0.602,0.521,0.41,1.8,14.2,7.8,15.8,1.6,0.6,9.7,22.7,,1.9,0.6,2.5,0.109,,1.8,-0.5,1.2,0.9
527,Thaddeus Young,PF,34,TOR,54,795,14.1,0.573,0.172,0.131,9.4,14.6,11.8,12.9,3.4,0.6,16.7,13.5,,0.7,1.1,1.8,0.108,,-1.8,1.9,0,0.4
510,Grant Williams,PF,24,BOS,75,1974,10.5,0.613,0.614,0.253,4.7,14.7,9.8,8.4,1,1.3,13.3,13,,2,2.5,4.4,0.108,,-1.7,0.7,-1,0.5
226,Brandon Ingram,SF,25,NOP,41,1373,19.2,0.583,0.2,0.312,1.4,16.3,8.8,27.7,0.9,1.1,12.9,30.9,,1.6,1.5,3.1,0.108,,2.2,-0.5,1.7,1.3
248,Damian Jones,C,27,TOT,37,385,12.5,0.675,0.188,0.362,10.3,18,14.3,4,0.9,4.4,20,10.9,,0.4,0.4,0.9,0.108,,-2.5,0.4,-2.2,0
144,Bruno Fernando,C,24,HOU,31,364,16.2,0.561,0.011,0.473,14.4,22.7,18.5,11.6,0.8,8.3,15.1,15.1,,0.5,0.4,0.8,0.108,,-2.8,1,-1.8,0
219,Kevin Huerter,SG,24,SAC,72,2128,15.2,0.62,0.594,0.157,2.1,10.7,6.5,13.9,1.7,0.9,9.5,19.8,,3.2,1.6,4.8,0.107,,1.4,-0.4,1,1.6
420,D'Angelo Russell,PG,26,TOT,68,2198,16.5,0.603,0.514,0.232,1.8,8.5,5.2,27.8,1.5,1.1,15,22.9,,3,1.9,4.9,0.107,,2.2,-0.6,1.5,2
225,Joe Ingles,SF,35,MIL,43,973,10.5,0.609,0.81,0.091,1.4,11.3,6.6,17.9,1.4,0.4,16.9,12.6,,1,1.2,2.2,0.107,,-1.7,0.8,-0.9,0.3
432,Collin Sexton,SG,24,UTA,47,1129,15.9,0.62,0.258,0.434,3.6,6.4,5,17.8,1.1,0.4,13.4,23.1,,2.1,0.5,2.5,0.107,,0.2,-1.4,-1.2,0.2
254,DeAndre Jordan,C,34,DEN,36,521,14.3,0.717,0.01,0.431,9.8,29.6,19.9,7.8,1,3.9,26.2,13.7,,0.4,0.8,1.2,0.107,,-2.8,0.9,-1.9,0
114,Dewayne Dedmon,C,33,TOT,36,393,15.1,0.568,0.273,0.331,9.3,27.7,18.2,7.6,1,4.8,12.1,20.5,,0.2,0.6,0.9,0.107,,-2.8,0.7,-2.1,0
269,John Konchar,SG,26,MEM,68,1393,10.4,0.541,0.57,0.117,4.2,17.2,10.7,7.8,2.4,1.4,10.3,10.4,,0.8,2.3,3.1,0.106,,-2.1,2.3,0.3,0.8
169,Devonte' Graham,PG,27,NOP,53,811,11.8,0.545,0.823,0.255,1.7,8.4,5,18.7,1.8,1.2,9.5,15,,0.9,0.9,1.8,0.106,,-0.4,0.6,0.2,0.4
473,Gary Trent Jr.,SG,24,TOR,63,2054,15.1,0.561,0.482,0.218,1.5,8.2,4.6,7.2,2.5,0.7,5.1,21.7,,2.5,1.9,4.4,0.104,,0.2,0,0.3,1.2
370,Kelly Olynyk,C,31,UTA,65,1845,14,0.633,0.431,0.416,4.6,18.3,11.6,17.1,1.5,1.6,19.9,17.5,,2.2,1.8,4,0.104,,-0.7,0.8,0.1,1
64,Jaylen Brown,SF,26,BOS,66,2366,19.3,0.585,0.353,0.253,3.6,16.9,10.3,16.4,1.5,0.9,11.4,31.3,,1.8,3.3,5.1,0.104,,1.5,-0.2,1.3,2
297,Trey Lyles,PF,27,SAC,70,1174,14.6,0.616,0.583,0.325,6.2,21.1,13.7,7.3,1.1,2.2,12.5,18.2,,1.4,1.1,2.5,0.104,,0.2,-0.8,-0.6,0.4
122,Spencer Dinwiddie,PG,29,BRK,23,810,15.9,0.535,0.418,0.37,1.1,11.7,6.5,35,1.6,0.6,12.6,22.7,,1,0.7,1.7,0.103,,0.7,-0.5,0.2,0.5
485,Franz Wagner,SF,21,ORL,77,2536,16.1,0.593,0.327,0.285,2.9,11.1,7,17.3,1.4,0.6,11.6,23.4,,3.2,2.2,5.4,0.103,,0.5,-0.5,0,1.3
181,Quentin Grimes,SG,22,NYK,68,2013,11.2,0.61,0.676,0.168,2.5,9.5,6,9.5,1.1,1.2,9.8,14.1,,2.7,1.6,4.3,0.103,,-0.5,0.3,-0.3,0.9
144,Bruno Fernando,C,24,TOT,36,379,16,0.558,0.01,0.469,14.4,22.4,18.3,11.5,0.8,8.2,15.7,15.4,,0.5,0.4,0.8,0.103,,-2.8,0.9,-1.9,0
467,Matisse Thybulle,SG,25,PHI,49,591,10,0.536,0.543,0.103,4.1,8.5,6.3,5.2,3.8,2.2,6.2,9.8,,0.3,0.9,1.3,0.102,,-3.3,3.4,0.1,0.3
166,Jordan Goodwin,PG,24,WAS,58,1000,14.6,0.535,0.329,0.207,6.3,14.1,10.3,19.6,2.5,1.9,12.6,16.6,,0.9,1.2,2.1,0.102,,-0.7,1.5,0.8,0.7
420,D'Angelo Russell,PG,26,MIN,54,1778,16.1,0.604,0.521,0.23,1.8,8.5,5.2,27.1,1.6,1,15.5,22.8,,2.3,1.5,3.8,0.102,,1.9,-0.7,1.2,1.4
208,George Hill,PG,36,MIL,35,668,9.8,0.575,0.561,0.348,2.1,8.1,5.2,16.8,1.4,0.4,15.1,11.3,,0.7,0.7,1.4,0.102,,-2.8,1.1,-1.7,0
268,Christian Koloko,C,22,TOR,54,754,11.3,0.511,0.076,0.379,11.4,13.2,12.2,4.4,1.2,7.2,9.6,10.6,,0.7,1,1.6,0.102,,-4.5,0.7,-3.8,-0.3
248,Damian Jones,C,27,UTA,15,209,11.3,0.775,0.313,0.156,9.4,14.9,12.2,4.9,0.9,3.2,24.3,9,,0.3,0.2,0.4,0.102,,-2.5,0.1,-2.4,0
487,Ish Wainright,SF,28,PHO,56,849,10,0.541,0.754,0.137,5.8,11.1,8.4,7.7,2.2,2.1,8.6,12.3,,0.7,1.1,1.8,0.101,,-2.2,1.6,-0.6,0.3
365,Josh Okogie,SG,24,PHO,68,1249,13.3,0.536,0.475,0.447,8.9,11.7,10.3,10.2,2,2.4,11.7,17.8,,1,1.6,2.6,0.101,,-0.7,0.5,-0.2,0.6
117,Moussa Diabaté,PF,21,LAC,21,194,13.9,0.537,0.043,0.348,18.1,10.3,14.2,2.8,1.8,3.6,14.5,14,,0.2,0.2,0.4,0.101,,-2,-0.7,-2.7,0
33,Nicolas Batum,PF,34,LAC,75,1634,11.1,0.599,0.826,0.125,4.2,15.6,9.9,9.5,1.5,2.2,11.4,11.7,,1.6,1.8,3.4,0.101,,-0.8,1.2,0.5,1
376,Gary Payton II,PG,30,POR,15,255,11.4,0.713,0.415,0.098,4.5,13.2,8.8,11.6,3.1,0.3,21.9,9.4,,0.3,0.2,0.5,0.1,,-2.1,1.5,-0.6,0.1
461,Garrett Temple,SG,36,NOP,24,159,10.7,0.546,0.568,0.091,2.8,8.6,5.7,10.8,2.7,1.2,8,13.4,,0.1,0.2,0.3,0.1,,-2.5,1.7,-0.8,0
250,Herbert Jones,SF,24,NOP,62,1803,11.7,0.556,0.338,0.327,5.8,10,7.9,10.9,2.6,1.9,13.2,14.4,,1.2,2.5,3.8,0.1,,-2.3,1.8,-0.5,0.7
140,Kessler Edwards,SF,22,SAC,18,253,10.9,0.609,0.633,0.183,6,10.7,8.4,8.5,1.5,1.7,11,12.4,,0.3,0.2,0.5,0.1,,-1.4,-0.4,-1.8,0
35,Bradley Beal,SG,29,WAS,50,1673,19.8,0.593,0.249,0.26,2.9,9.9,6.6,26.7,1.3,1.7,12.9,29.3,,2.2,1.3,3.5,0.1,,2.9,-1.2,1.7,1.6
307,Kenyon Martin Jr.,SF,22,HOU,79,2205,15.5,0.638,0.31,0.312,6,16,11,8.1,0.9,1.3,10.3,16.5,,4,0.6,4.6,0.1,,0.6,-1.3,-0.7,0.7
19,Marvin Bagley III,C,23,DET,40,949,17.3,0.589,0.169,0.28,10.5,19.7,15,6,0.9,2.7,9.4,20,,1.3,0.6,2,0.1,,0.4,-1.3,-0.9,0.3
295,Kevin Love,PF,34,TOT,59,1194,13.1,0.548,0.696,0.22,5.6,32.6,18.9,13,0.7,0.9,13.1,19.1,,0.6,1.9,2.5,0.1,,0.2,0.4,0.6,0.8
153,Markelle Fultz,PG,24,ORL,57,1713,16.6,0.562,0.126,0.219,4.6,10.6,7.6,29.3,2.4,1.5,16,21.3,,1.5,2,3.5,0.099,,-0.2,0.8,0.5,1.1
191,Gary Harris,SG,28,ORL,47,1160,10.7,0.627,0.708,0.1,2.1,7.3,4.7,6.8,1.9,1,8.2,12.7,,1.3,1.1,2.4,0.099,,-1.2,0.7,-0.5,0.4
208,George Hill,PG,36,TOT,44,794,9.9,0.585,0.565,0.325,1.9,8.6,5.4,16.2,1.5,0.6,15.4,11,,0.8,0.8,1.6,0.099,,-2.9,1.1,-1.8,0
484,Dean Wade,PF,26,CLE,41,816,8.4,0.553,0.717,0.145,2.6,17.3,10,5.2,1.5,2.1,7.6,10,,0.4,1.3,1.7,0.099,,-2.8,2.2,-0.7,0.3
349,Svi Mykhailiuk,SF,25,TOT,29,368,13.9,0.614,0.558,0.258,2.5,8,5.2,13.5,1.4,0.9,9.5,16.9,,0.5,0.2,0.8,0.099,,0.5,-0.5,0,0.2
372,Cedi Osman,SF,27,CLE,74,1505,11.8,0.575,0.592,0.198,1.9,11.2,6.5,10.3,1.1,0.7,8,18.1,,1.3,1.8,3.1,0.099,,-0.9,0.2,-0.7,0.5
489,Kemba Walker,PG,32,DAL,9,144,15,0.543,0.491,0.368,2.4,10.7,6.5,20.2,0.7,1.2,5.7,22.1,,0.2,0.1,0.3,0.099,,0.3,-0.6,-0.3,0.1
324,De'Anthony Melton,PG,24,PHI,75,2109,13,0.571,0.615,0.136,3.9,13.2,8.6,13,2.9,1.8,13,16.6,,1.2,3.1,4.3,0.098,,-0.6,1.7,1.1,1.6
390,Norman Powell,SG,29,LAC,57,1473,16.5,0.612,0.422,0.378,1.7,10.8,6.3,10.8,1.5,1,11.4,25.7,,1.7,1.3,3,0.098,,0.8,-0.8,0,0.8
361,Jusuf Nurkić,C,28,POR,52,1391,17.4,0.589,0.236,0.38,9.4,29.7,19.5,16.5,1.5,2.8,16.8,22.2,,1.2,1.6,2.8,0.097,,-0.5,0.7,0.2,0.8
259,Frank Kaminsky,C,29,HOU,9,42,14.6,0.4,0.583,0.333,5.2,21.2,13.1,24.8,1.2,4.7,0,13.6,,0.1,0,0.1,0.097,,1.3,1.7,3,0.1
80,Vlatko Čančar,PF,25,DEN,56,830,11.1,0.616,0.505,0.159,3.3,13.3,8.4,11.6,1.1,1.3,12.9,13.8,,0.9,0.7,1.7,0.097,,-1.6,-0.3,-1.8,0
43,Bismack Biyombo,C,30,PHO,58,835,14,0.55,0,0.352,11.2,22.4,16.7,8.7,1.1,8.7,18.3,13.9,,0.2,1.5,1.7,0.097,,-3.6,2.5,-1.1,0.2
438,Ben Simmons,PG,26,BRK,42,1105,13.5,0.559,0.009,0.243,4.2,22.2,13.4,31.1,2.4,1.9,27.2,14.3,,0.5,1.7,2.2,0.096,,-2.2,2.6,0.4,0.7
173,Draymond Green,PF,32,GSW,70,2209,12.1,0.589,0.274,0.227,3.2,21.9,12.7,28.2,1.5,2.2,27.9,13.1,,1.6,2.9,4.4,0.096,,-1.8,2.5,0.7,1.5
28,Scottie Barnes,PF,21,TOR,73,2558,16,0.529,0.217,0.245,7.4,15.3,11,20.1,1.5,2.2,11.9,20.4,,2.5,2.6,5.1,0.096,,0.8,-0.1,0.7,1.8
241,Jalen Johnson,SF,21,ATL,66,958,13.4,0.546,0.329,0.24,5.6,24.6,15,9.6,1.5,2.5,9.5,15.2,,0.8,1.2,1.9,0.096,,-1.4,1.3,-0.1,0.5
497,Lindy Waters III,SG,25,OKC,39,502,11.4,0.57,0.915,0.121,2.7,12.7,7.6,7.1,1.2,1.8,5.4,15.3,,0.5,0.5,1,0.096,,0.2,-0.4,-0.2,0.2
14,OG Anunoby,SF,25,TOR,64,2286,14.7,0.593,0.414,0.198,4.3,12.4,8,7.8,2.6,1.9,12.5,19.5,,1.8,2.7,4.5,0.095,,-0.3,0.7,0.4,1.4
123,Donte DiVincenzo,SG,26,GSW,69,1812,12.2,0.584,0.7,0.131,4.6,13.9,9.3,16.6,2.3,0.5,16.3,15,,1.5,2.1,3.6,0.095,,-0.9,1.1,0.2,1
196,Josh Hart,SF,27,POR,51,1704,12.8,0.586,0.309,0.328,6.4,21.9,14.1,16.1,1.5,0.5,16,12.6,,2.1,1.3,3.4,0.095,,-0.9,0.7,-0.2,0.8
512,Jaylin Williams,PF,20,OKC,47,873,11,0.557,0.473,0.234,4.7,24,14.2,10.4,1.4,1.3,12.5,13.4,,0.6,1.1,1.7,0.095,,-2.6,0.5,-2.1,0
282,Saben Lee,PG,23,PHO,20,292,12.9,0.53,0.226,0.56,4.1,10.1,7,24,2.3,0.3,16,18.2,,0.2,0.3,0.6,0.094,,-2.8,0.7,-2.1,0
157,Usman Garuba,PF,20,HOU,72,938,13.3,0.587,0.317,0.275,13.3,21.4,17.3,9.1,2.2,2.9,19.4,10.3,,1,0.8,1.8,0.094,,-1.7,0.6,-1,0.2
169,Devonte' Graham,PG,27,TOT,72,1311,12.6,0.552,0.787,0.305,1.6,8.9,5.2,19.6,1.6,1.1,9.6,17.1,,1.6,1,2.6,0.094,,0.2,-0.2,0,0.7
336,Malik Monk,SG,24,SAC,74,1655,16.7,0.588,0.502,0.263,2.2,11.2,6.8,25.1,1.3,1.1,14,25.8,,2.1,1.1,3.2,0.094,,1.8,-1.4,0.4,1
513,Jeenathan Williams,SG,23,POR,1,13,17.1,0.583,0.167,0,35.3,8.9,22.2,0,0,0,14.3,23.5,,0,0,0,0.094,,0.5,-4.3,-3.8,0
316,T.J. McConnell,PG,30,IND,74,1504,16.5,0.587,0.114,0.127,3.2,13.7,8.5,37.3,2.5,0.6,20.7,19,,1.7,1.2,2.9,0.093,,0.2,0.1,0.3,0.9
222,Bones Hyland,PG,22,LAC,11,205,16.4,0.512,0.528,0.13,5,14.6,9.8,29.2,2.2,0.9,9.5,26.9,,0.2,0.2,0.4,0.093,,-0.4,-0.8,-1.2,0
83,Jevon Carter,PG,27,MIL,78,1737,10.8,0.559,0.593,0.071,2.1,9.3,5.8,14.2,1.8,1.3,11.9,15.3,,1.1,2.2,3.4,0.093,,-2,1.3,-0.7,0.6
286,Caris LeVert,SG,28,CLE,73,2201,12.4,0.541,0.434,0.246,2.8,12.1,7.5,18.2,1.6,1,12.4,18.8,,1.2,3,4.3,0.093,,-1.1,0.8,-0.3,0.9
349,Svi Mykhailiuk,SF,25,CHO,16,328,13.7,0.599,0.528,0.241,2.9,6.7,4.7,14.7,1.5,1.1,9.1,16.8,,0.4,0.2,0.6,0.093,,0.1,-0.6,-0.5,0.1
424,Dario Šarić,PF,28,TOT,55,763,13.2,0.582,0.413,0.265,7.1,21.1,13.9,13.3,1.1,0.6,15.7,19.4,,0.6,0.9,1.5,0.093,,-1.8,0,-1.8,0.1
275,Anthony Lamb,SF,25,GSW,59,1168,10.9,0.609,0.647,0.196,5.3,14.3,9.9,10.4,1.1,1.4,13.8,13.9,,1.2,1.1,2.3,0.093,,-1.5,0.3,-1.2,0.2
85,Michael Carter-Williams,PG,31,ORL,1,2,10.7,0.568,,,0,0,0,0,0,0,0,18.9,,0,0,0,0.093,,-5.2,-4.8,-10,0
443,Marcus Smart,PG,28,BOS,60,1926,12.1,0.538,0.571,0.196,2.5,8,5.3,26.5,2.3,1,18,17.6,,1,2.6,3.7,0.092,,-1.8,0.8,-1,0.5
506,Aaron Wiggins,SG,24,OKC,67,1234,12,0.603,0.336,0.19,5.6,12,8.8,8.3,1.4,1.1,12.7,14.4,,1.2,1.1,2.4,0.092,,-1.7,-0.7,-2.3,-0.1
170,Jerami Grant,PF,28,POR,63,2246,16.1,0.606,0.393,0.375,2.7,11.8,7.3,10.4,1.1,2.1,9.8,22.9,,3.2,1.1,4.3,0.092,,1.3,-1.4,-0.1,1.1
78,Kentavious Caldwell-Pope,SG,29,DEN,74,2328,11.4,0.593,0.502,0.2,1.8,8.3,5.1,9.9,2.3,1.2,10.9,14,,1.9,2.5,4.4,0.091,,-1.7,0.6,-1,0.6
502,Coby White,SG,22,CHI,70,1626,12.4,0.571,0.593,0.121,1.1,12.3,6.8,15.9,1.6,0.4,9.9,17.6,,1.3,1.8,3.1,0.091,,-0.9,0.2,-0.6,0.6
462,Dalen Terry,SG,20,CHI,34,180,12.3,0.52,0.377,0.283,6.4,12.4,9.5,15.7,1.6,2.2,10.5,16.4,,0.1,0.2,0.3,0.091,,-1.7,0.9,-0.7,0.1
102,Torrey Craig,SF,32,PHO,75,1866,11,0.553,0.515,0.094,8,16.2,12.1,7.8,1.3,2.8,12.7,12.8,,1.2,2.3,3.5,0.091,,-1.6,0.6,-1,0.5
296,Kyle Lowry,PG,36,MIA,52,1663,12.3,0.558,0.634,0.279,2.9,12.8,7.6,23.1,1.7,1.2,15.7,16.8,,1.3,1.8,3.1,0.09,,-0.9,0.8,-0.1,0.8
96,John Collins,PF,25,ATL,68,2048,13.4,0.587,0.335,0.242,4,20,11.9,5.4,1,2.9,9.3,17,,1.9,2,3.8,0.09,,-1.6,0.2,-1.4,0.3
46,Bojan Bogdanović,PF,33,DET,59,1893,17.4,0.627,0.4,0.344,2,11.3,6.5,13.5,0.9,0.4,11.7,25.8,,3.1,0.4,3.6,0.09,,2.6,-1.8,0.8,1.4
74,Jared Butler,SG,22,OKC,3,27,13.1,0.563,0.375,0,0,4.1,2,20,7,0,20,15.5,,0,0.1,0.1,0.089,,-5.1,3.8,-1.4,0
507,Andrew Wiggins,SF,27,GSW,37,1190,14.7,0.564,0.425,0.136,5.7,11.4,8.6,10.5,1.8,2.1,7.9,21.5,,0.9,1.3,2.2,0.089,,-0.1,-0.4,-0.6,0.4
234,Quenton Jackson,PG,24,WAS,5,29,11.9,0.506,0.5,0.2,4,3.7,3.9,9.4,1.7,2.9,0,16.4,,0,0,0.1,0.089,,-2.9,-0.6,-3.5,0
264,Corey Kispert,SF,23,WAS,70,1985,11.4,0.663,0.662,0.147,1.8,8.9,5.5,5.7,0.8,0.3,8.3,13.7,,2.7,0.9,3.7,0.089,,-0.2,-1.3,-1.5,0.2
294,Robin Lopez,C,34,CLE,35,261,11.1,0.691,0.049,0.262,9.5,11.3,10.4,7.6,0.2,2.1,24.4,15.4,,0.2,0.3,0.5,0.089,,-3.4,0.1,-3.3,-0.1
467,Matisse Thybulle,SG,25,TOT,71,1200,10.5,0.552,0.585,0.111,3.9,9.7,6.8,5.9,3.4,2.4,8.3,10.6,,0.6,1.6,2.2,0.088,,-2.8,2.2,-0.6,0.4
282,Saben Lee,PG,23,TOT,22,302,12.9,0.538,0.227,0.534,4,9.8,6.8,24.4,2.4,0.3,17.5,18.6,,0.2,0.4,0.6,0.088,,-2.8,0.7,-2.2,0
42,Goga Bitadze,C,23,IND,21,202,13.9,0.551,0.269,0.462,13.7,13.2,13.5,12.1,2.1,4.3,16.1,15.5,,0.2,0.2,0.4,0.088,,-2.3,1.2,-1.1,0
309,Garrison Mathews,SG,26,ATL,7,56,11.1,0.621,0.722,0.167,0,13.9,6.8,4.6,0.9,0,4.9,15.3,,0.1,0,0.1,0.088,,-1.3,-1.7,-3,0
421,Matt Ryan,SF,25,MIN,21,177,10.9,0.614,0.828,0.121,1.3,6.2,3.8,8.4,0.8,0.5,6.1,15.7,,0.2,0.1,0.3,0.088,,0.1,-1.5,-1.4,0
99,Pat Connaughton,SG,30,MIL,60,1437,10.1,0.532,0.764,0.098,3.8,16.2,10.2,7,1.2,0.6,7,13.8,,0.7,1.9,2.6,0.087,,-1.3,0.3,-1,0.3
329,Shake Milton,SG,26,PHI,73,1462,12.5,0.58,0.302,0.239,3,11.5,7.4,20.5,0.8,0.8,14.3,18.2,,1.5,1.2,2.7,0.087,,-1.1,-0.9,-1.9,0
456,Edmond Sumner,SG,27,BRK,51,712,14.2,0.594,0.325,0.392,1.9,9.9,6,13.8,2.1,1.2,13.4,22.4,,0.6,0.7,1.3,0.086,,-2.3,-0.1,-2.4,-0.1
62,Bruce Brown,SG,26,DEN,77,2180,12.9,0.568,0.353,0.199,3.3,13,8.3,15.6,1.8,2,13.6,17.6,,1.4,2.5,3.9,0.086,,-1.2,0.5,-0.8,0.7
317,Jaden McDaniels,SF,22,MIN,76,2340,12,0.609,0.375,0.206,4.4,9.6,7.1,8.5,1.4,2.8,12.7,15.8,,1.9,2.3,4.2,0.086,,-1.7,0.4,-1.3,0.4
318,Jalen McDaniels,SF,25,PHI,20,317,10.3,0.559,0.221,0.326,5.7,16.5,11.2,5.8,1.3,0.9,9.2,15.3,,0.2,0.3,0.6,0.086,,-3.8,-1,-4.7,-0.2
281,Damion Lee,SG,30,PHO,71,1454,11,0.613,0.557,0.236,2.6,14,8.2,9.1,1,0.4,13.4,16.2,,1.2,1.4,2.6,0.086,,-1.2,-0.3,-1.5,0.2
280,A.J. Lawson,SG,22,TOT,13,63,14.1,0.622,0.615,0.115,3.7,14.9,9.3,2.5,0.8,0,3.5,20.3,,0.1,0,0.1,0.086,,-0.7,-2.1,-2.8,0
407,Josh Richardson,SG,29,NOP,19,451,11,0.56,0.573,0.16,2.3,10.1,6.2,10.1,2.7,1.9,11.9,15.1,,0.2,0.6,0.8,0.085,,-2.4,1.8,-0.6,0.2
305,Caleb Martin,PF,27,MIA,67,1982,11.4,0.576,0.436,0.208,4.8,15,9.7,7.8,1.6,1.6,11.6,14.5,,1.2,2.3,3.5,0.085,,-1.8,0.5,-1.3,0.3
347,Keegan Murray,SF,22,SAC,76,2258,12.2,0.596,0.642,0.109,4.3,13.2,8.8,5.3,1.3,1.5,7.1,15.8,,2.3,1.7,4,0.085,,0.3,-1,-0.7,0.7
424,Dario Šarić,PF,28,PHO,37,533,12.3,0.545,0.388,0.247,8,21.9,14.8,14.7,1.2,0.8,15.4,18.7,,0.3,0.7,0.9,0.085,,-2.3,0.3,-2,0
208,George Hill,PG,36,IND,9,126,10.6,0.652,0.591,0.182,0.9,11.5,6.2,13.2,2.3,2.1,17.4,9.6,,0.1,0.1,0.2,0.084,,-3.3,0.6,-2.6,0
492,T.J. Warren,SF,29,PHO,15,186,12.3,0.479,0.261,0.029,7.6,20.1,13.7,7.6,1.8,2.4,4.1,16.7,,0,0.3,0.3,0.084,,-2.2,0.5,-1.7,0
172,Danny Green,SG,35,CLE,6,45,10.7,0.723,0.833,0.083,2.6,5.2,3.9,0,2.2,2,19.4,15.3,,0,0.1,0.1,0.083,,-1.6,0,-1.5,0
345,Dejounte Murray,SG,26,ATL,71,2588,17.1,0.538,0.297,0.144,2.2,14,8,24.2,2,0.6,10.1,24.5,,2.2,2.2,4.5,0.083,,1.1,0,1.1,2
161,Taj Gibson,C,37,WAS,49,480,11.4,0.585,0.192,0.336,7.8,13.6,10.8,9.6,1.5,2.1,15.3,15.4,,0.4,0.5,0.8,0.083,,-3.6,0.5,-3.2,-0.1
32,Keita Bates-Diop,SF,27,SAS,63,1351,14.2,0.607,0.301,0.318,4.8,14.1,9.3,9,1.5,1.1,10,16,,1.8,0.6,2.3,0.083,,-0.1,-0.9,-1,0.3
40,Saddiq Bey,SF,23,TOT,73,2027,14.4,0.561,0.499,0.299,4.9,14.3,9.4,7.9,1.5,0.6,7.1,20.3,,2.4,1.2,3.5,0.083,,0.7,-1.2,-0.5,0.8
45,Bogdan Bogdanović,SG,30,ATL,52,1457,13.9,0.579,0.586,0.124,1.7,10.4,6,13.3,1.4,1.1,9.1,19.7,,1.6,0.9,2.5,0.083,,0.9,-0.7,0.2,0.8
178,Josh Green,SG,22,DAL,59,1509,11.2,0.641,0.44,0.249,4.2,9.4,6.7,9.8,1.4,0.2,14.2,14.6,,1.7,0.9,2.6,0.083,,-1.9,-0.6,-2.5,-0.2
448,Jalen Smith,PF,22,IND,67,1252,15.7,0.559,0.38,0.274,11.2,23.5,17.4,7.7,0.7,3.9,11.2,21,,1,1.1,2.2,0.083,,-1,-1.2,-2.2,-0.1
523,James Wiseman,C,21,TOT,41,776,16,0.598,0.063,0.263,9.1,25.8,17.3,5.5,0.4,2.8,11.9,21,,0.6,0.7,1.3,0.083,,-2,-1.3,-3.2,-0.2
39,Patrick Beverley,PG,34,CHI,19,522,9.2,0.488,0.667,0.147,4.4,16.7,10.7,15.5,1.4,2.4,13.5,10.6,,0.2,0.7,0.9,0.082,,-2.6,1.6,-1,0.1
498,Trendon Watford,PF,22,POR,59,1116,12.9,0.621,0.205,0.319,4.2,19.2,11.7,15.5,1.4,0.7,16.9,15.4,,1.2,0.8,1.9,0.082,,-1.7,-0.3,-1.9,0
47,Bol Bol,PF,23,ORL,67,1431,14.8,0.622,0.224,0.226,5.2,25.4,15.3,6.4,0.9,5.5,17.9,17.8,,0.3,2.1,2.4,0.082,,-1.5,1,-0.5,0.5
457,Cole Swider,SF,23,LAL,6,40,7.6,0.5,0.889,0,2.8,15.5,9.4,12.4,0,0,0,9.5,,0,0,0.1,0.082,,-2.9,-0.5,-3.4,0
492,T.J. Warren,PF-SF,29,TOT,41,676,13.8,0.552,0.245,0.13,4.3,15.1,9.8,8.6,1.6,1.6,6.6,19.8,,0.4,0.7,1.1,0.081,,-1.6,-0.3,-1.9,0
452,Lamar Stevens,PF,25,CLE,59,1060,9.5,0.529,0.328,0.198,5.1,16.7,10.9,3.9,1.1,1.6,8.2,13.4,,0.3,1.5,1.8,0.081,,-3,0.2,-2.8,-0.2
470,Obi Toppin,PF,24,NYK,64,945,12.4,0.546,0.599,0.1,3.1,17,10.1,8.3,1,1.2,7.9,19,,0.7,0.9,1.6,0.081,,-0.2,-0.7,-0.8,0.3
501,Russell Westbrook,PG,34,LAC,18,549,16.8,0.556,0.286,0.3,4.1,13.4,8.8,39,1.9,1.4,20.4,24.6,,0.3,0.6,0.9,0.08,,0.5,-0.6,0,0.3
206,Buddy Hield,SF,30,IND,77,2415,15.1,0.607,0.648,0.124,3,14.7,8.9,13,1.8,0.9,11.3,20.9,,2.4,1.7,4,0.08,,2.2,-0.6,1.6,2.2
492,T.J. Warren,PF,29,BRK,26,490,14.4,0.576,0.24,0.165,3.1,13.2,8.3,9,1.5,1.2,7.3,21,,0.4,0.5,0.8,0.08,,-1.4,-0.6,-2,0
57,Christian Braun,SG,21,DEN,72,1076,10,0.568,0.337,0.216,4.6,12.9,8.8,6.4,1.5,1.3,9.4,12.5,,0.7,1.1,1.8,0.08,,-2.5,0.1,-2.4,-0.1
315,CJ McCollum,SG,31,NOP,71,2492,15.8,0.542,0.406,0.17,2.4,11.3,6.9,25.6,1.3,1.4,11.4,26.5,,1.5,2.6,4.2,0.08,,1.7,-0.7,1,1.8
1,Precious Achiuwa,C,23,TOR,51,1054,14.3,0.541,0.258,0.324,9.2,23.6,15.9,6.5,1.3,2.7,11.9,19.1,,0.5,1.2,1.8,0.08,,-2,-0.9,-2.9,-0.2
354,Georges Niang,PF,29,PHI,75,1450,10.8,0.608,0.775,0.092,1.5,12.7,7.2,7.5,1,0.9,9,16.9,,1.1,1.3,2.4,0.08,,-0.4,-0.9,-1.4,0.2
34,Darius Bazley,PF,22,OKC,36,555,12.9,0.525,0.285,0.411,5.5,18.4,11.8,7.6,1.6,4.8,10.5,15.7,,0.1,0.8,0.9,0.079,,-1.8,0.8,-1.1,0.1
162,Josh Giddey,SG,20,OKC,74,2303,17.2,0.534,0.206,0.129,6.7,20.9,13.6,29.9,1.1,1.2,15.2,24.6,,1.2,2.6,3.8,0.079,,1.5,-0.4,1.1,1.8
192,Joe Harris,SG,31,BRK,71,1478,10.4,0.615,0.749,0.057,1.8,10.1,6.1,9.1,1.1,0.8,8.4,14.2,,1.4,1.1,2.4,0.079,,-0.8,-0.6,-1.4,0.2
182,Rui Hachimura,PF,24,LAL,29,650,12.5,0.556,0.266,0.239,4.8,17.2,11.2,3.9,0.6,1.7,6.1,17,,0.4,0.6,1.1,0.079,,-1.5,-0.3,-1.8,0
499,Peyton Watson,SG,20,DEN,19,99,14,0.599,0.229,0.057,7.2,18.2,12.8,4.2,0,5.4,10,17.5,,0.1,0.1,0.2,0.079,,-1.5,-0.6,-2.1,0
323,Jordan McLaughlin,PG,26,MIN,41,641,11.1,0.51,0.535,0.099,2.7,7.4,5.1,26.4,2.3,0.4,18.2,12.1,,0.4,0.6,1,0.078,,-1.7,0.5,-1.1,0.1
419,Ricky Rubio,PG,32,CLE,30,508,11.1,0.466,0.474,0.214,1.6,12.8,7.2,26.6,2.5,0.9,14.2,17.3,,0,0.8,0.8,0.077,,-3.6,1.4,-2.2,0
185,R.J. Hampton,PG,21,ORL,26,361,12.5,0.572,0.465,0.325,2.8,9.4,6.1,13.4,2.1,1.1,13.9,18,,0.2,0.4,0.6,0.077,,-1.6,0.3,-1.3,0.1
129,Jeff Dowtin,PG,25,TOR,24,246,10,0.508,0.286,0.125,2.6,8.5,5.3,15.9,1.6,0.8,7.8,11.1,,0.2,0.2,0.4,0.077,,-2.7,0.7,-2,0
280,A.J. Lawson,SG,22,DAL,12,61,13.4,0.608,0.64,0.12,3.8,13.6,8.7,2.6,0.8,0,3.7,20.3,,0.1,0,0.1,0.077,,-0.7,-2.4,-3,0
245,Stanley Johnson,SF,26,SAS,30,469,13.6,0.625,0.328,0.32,4.9,17.8,11.1,19.1,1.6,1.1,19.2,15.2,,0.5,0.3,0.7,0.076,,-0.8,-0.2,-1,0.1
169,Devonte' Graham,PG,27,SAS,19,500,14.1,0.561,0.745,0.365,1.5,9.6,5.4,21.1,1.2,1,9.7,20.4,,0.7,0.1,0.8,0.076,,1.3,-1.5,-0.3,0.2
38,Dāvis Bertāns,PF,30,DAL,43,448,10.6,0.606,0.886,0.086,2.1,9.5,5.8,6.5,1.1,1.2,6.4,15.7,,0.4,0.3,0.7,0.076,,-0.5,-1.2,-1.7,0
216,Danuel House Jr.,SF,29,PHI,52,726,9.3,0.611,0.594,0.276,1.5,12,6.8,7,0.9,1.2,10.8,13.2,,0.5,0.6,1.2,0.076,,-2.2,-0.4,-2.6,-0.1
34,Darius Bazley,PF,22,TOT,41,582,12.7,0.522,0.295,0.404,5.4,18.5,11.8,8.1,1.7,4.9,11.3,15.8,,0.1,0.8,0.9,0.075,,-2,0.9,-1.1,0.1
179,AJ Griffin,SF,19,ATL,69,1325,12.6,0.577,0.488,0.083,2.8,9.2,6,7,1.4,0.8,6.9,17.8,,1.3,0.8,2.1,0.075,,-0.2,-0.4,-0.7,0.5
467,Matisse Thybulle,SG,25,POR,22,609,11,0.566,0.62,0.117,3.8,10.8,7.3,6.7,3,2.6,10,11.5,,0.3,0.6,0.9,0.074,,-2.3,1.1,-1.2,0.1
111,Terence Davis,SG,25,SAC,61,788,14.1,0.583,0.664,0.122,2.9,16.8,10,11.2,2.5,1.3,12.2,22,,0.3,0.9,1.2,0.074,,-0.6,0,-0.6,0.3
6,Nickeil Alexander-Walker,SG,24,UTA,36,528,13,0.609,0.512,0.229,1.7,10.3,6.1,20,2.2,2.2,19.4,18.4,,0.3,0.5,0.8,0.074,,-0.6,1.1,0.4,0.3
40,Saddiq Bey,SF,23,DET,52,1500,14.3,0.552,0.483,0.345,4.2,13.9,8.9,8.5,1.6,0.7,7.2,21.3,,1.5,0.8,2.3,0.074,,0.5,-1.1,-0.7,0.5
39,Patrick Beverley,PG,34,TOT,64,1733,8.6,0.53,0.659,0.19,2.9,11.9,7.5,13.2,1.5,1.9,13.7,10.6,,0.7,2,2.7,0.074,,-3,1.5,-1.6,0.2
68,Troy Brown Jr.,SF,23,LAL,72,1774,9.5,0.561,0.607,0.083,3.8,13.5,8.8,6.4,1.5,0.8,9.4,12.1,,0.9,1.9,2.7,0.074,,-1.9,0.8,-1.1,0.4
273,Jonathan Kuminga,PF,20,GSW,64,1331,12.8,0.592,0.296,0.271,5.4,12.3,8.9,12.5,1.4,1.9,14.7,19.6,,0.8,1.3,2.1,0.074,,-2,-0.2,-2.1,0
401,Cam Reddish,SF,23,NYK,20,438,10.6,0.558,0.412,0.243,1.8,6,3.9,6.4,1.7,1.7,9.1,16.3,,0.3,0.4,0.7,0.073,,-2.3,0,-2.3,0
304,Naji Marshall,SF,25,NOP,73,1744,11.6,0.542,0.386,0.307,3,14.6,8.8,14.3,1.5,0.7,12.8,17.7,,0.7,2,2.6,0.073,,-1.8,0.1,-1.7,0.1
342,Markieff Morris,PF,33,BRK,27,285,10.7,0.556,0.598,0.122,5.3,17.7,11.6,11.7,1.4,1.5,13.9,15.6,,0.1,0.3,0.4,0.073,,-1.8,-0.1,-2,0
364,Chuma Okeke,SF,24,ORL,24,428,9.2,0.508,0.698,0.219,5.8,15.6,10.7,8,1.4,2,9.5,11.7,,0.2,0.5,0.7,0.073,,-2.1,0.6,-1.4,0.1
295,Kevin Love,PF,34,MIA,18,373,12.1,0.533,0.725,0.217,4.5,29,16.3,13.4,1.2,1.1,13.2,18,,0.1,0.5,0.6,0.073,,-1.2,0,-1.2,0.1
311,Wesley Matthews,SG,36,MIL,48,732,6.9,0.514,0.783,0.168,4.7,9.4,7.2,5,1.2,1.3,10,9.8,,0.3,0.9,1.1,0.073,,-3.5,0.9,-2.7,-0.1
65,Kendall Brown,SG,19,IND,6,40,9.2,0.571,0.143,0.286,5.6,11.1,8.3,9.7,4.8,0,20.2,10.4,,0,0.1,0.1,0.072,,-7,4,-3,0
252,Tre Jones,PG,23,SAS,64,1869,15.4,0.524,0.211,0.225,2.9,10.6,6.6,30.5,2.2,0.4,11.9,19.3,,2,0.8,2.8,0.072,,-0.7,-0.8,-1.4,0.3
41,Khem Birch,C,30,TOR,20,162,9.4,0.629,0.063,0.156,5.2,12.9,8.8,5.8,1.5,3,19,11.1,,0.1,0.2,0.2,0.072,,-4.6,1,-3.6,-0.1
526,McKinley Wright IV,PG,24,DAL,25,283,12.2,0.543,0.297,0.216,3.3,13.4,8.3,25.9,1.4,1.6,18.2,15.9,,0.2,0.2,0.4,0.072,,-1.7,-0.3,-2,0
39,Patrick Beverley,PG,34,LAL,45,1211,8.3,0.548,0.656,0.207,2.2,9.9,6.2,12.2,1.6,1.7,13.8,10.6,,0.5,1.3,1.8,0.071,,-3.2,1.4,-1.8,0.1
516,Patrick Williams,PF,21,CHI,78,2209,11.1,0.578,0.41,0.157,3.8,12,8,5.8,1.5,2.9,12.5,15.6,,0.5,2.8,3.3,0.071,,-1.7,0.4,-1.3,0.4
428,Dennis Schröder,PG,29,LAL,64,1931,11.6,0.551,0.349,0.392,1,7.7,4.5,20.1,1.2,0.4,13,18.5,,1.4,1.5,2.8,0.071,,-2.3,-0.4,-2.7,-0.3
97,Zach Collins,C,25,SAS,62,1410,16.2,0.596,0.27,0.26,8.4,22.7,15.3,18.1,1.2,2.7,17.6,21.2,,1.1,1,2.1,0.071,,-0.7,0.3,-0.4,0.5
299,Sandro Mamukelashvili,C,23,SAS,15,336,15.3,0.536,0.398,0.211,12.6,19.4,15.8,14.5,1,1.2,11.4,19.5,,0.3,0.1,0.5,0.071,,0,-2.1,-2.1,0
454,Max Strus,SF,26,MIA,76,2182,10.8,0.558,0.71,0.115,2.5,11.3,6.7,11.1,1,0.5,7.9,17.6,,1.4,1.8,3.2,0.071,,-0.8,-0.9,-1.7,0.2
177,Jeff Green,PF,36,DEN,53,1040,10.8,0.575,0.305,0.338,4,11,7.6,8.1,0.8,1.4,11,16.8,,0.7,0.8,1.5,0.071,,-2.6,-1,-3.5,-0.4
255,Cory Joseph,PG,31,DET,58,1100,12.1,0.561,0.489,0.227,1.7,8.2,4.8,25.8,1.3,0.7,13.3,15.3,,1.3,0.3,1.6,0.07,,-0.7,-0.8,-1.5,0.1
261,Luke Kennard,SG,26,LAC,35,725,10.5,0.623,0.626,0.095,0.9,11.8,6.4,7.2,1.3,0.5,12,15.1,,0.5,0.6,1.1,0.07,,-1.4,0,-1.4,0.1
205,Tyler Herro,SG,23,MIA,64,2259,15.3,0.566,0.486,0.163,1.4,17.4,9.1,20,1.1,0.7,11.8,25.6,,1,2.3,3.3,0.07,,1.5,-0.8,0.6,1.5
265,Maxi Kleber,C,31,DAL,36,915,8.8,0.595,0.663,0.223,3.8,13.4,8.5,7.3,0.7,2.9,12.5,10.3,,0.7,0.7,1.3,0.07,,-2.1,0,-2.2,0
433,Landry Shamet,SG,25,PHO,36,747,10.6,0.546,0.675,0.179,1.3,7.3,4.2,14.1,1.5,0.6,10.3,18.8,,0.4,0.7,1.1,0.069,,-1.1,-0.4,-1.5,0.1
127,Ayo Dosunmu,SG,23,CHI,76,2001,10.2,0.571,0.333,0.146,2.6,9.2,5.9,13.2,1.4,1.3,14.2,14.8,,0.8,2.1,2.9,0.069,,-2.9,0.5,-2.4,-0.2
348,Mike Muscala,C,31,BOS,16,222,8.4,0.549,0.77,0.033,3.5,17.5,10.6,4.2,0.9,1.6,8.8,13.4,,0,0.3,0.3,0.069,,-3.2,0.2,-3,0
320,JaVale McGee,C,35,DAL,40,339,16.6,0.639,0.034,0.328,10.3,26.3,18.2,5.4,0.6,6.1,20.4,22.9,,0,0.4,0.5,0.069,,-4,-0.3,-4.3,-0.2
138,Tari Eason,PF,21,HOU,79,1683,15.3,0.524,0.263,0.222,12.2,18.9,15.5,7.2,2.6,2.5,12,19.4,,0.9,1.5,2.4,0.068,,-1.2,-0.6,-1.8,0.1
362,Jordan Nwora,SF,24,IND,21,517,14.7,0.58,0.431,0.176,4.3,17.4,10.9,13.2,1.1,1,10.4,21.1,,0.4,0.3,0.7,0.068,,0.6,-2,-1.3,0.1
453,Isaiah Stewart,C,21,DET,50,1414,13.1,0.56,0.465,0.338,8.7,23.3,15.8,7.3,0.7,2.1,11.8,17.3,,1.1,0.9,2,0.068,,-1,-1.1,-2.1,-0.1
9,Jose Alvarado,PG,24,NOP,61,1310,11.9,0.525,0.505,0.164,2.4,9.8,6.1,19.8,2.5,0.7,13.4,19.8,,0.1,1.7,1.8,0.067,,-2,0.7,-1.2,0.3
21,LaMelo Ball,PG,21,CHO,36,1268,17.9,0.541,0.531,0.169,3.4,16.3,9.7,38.5,1.7,0.8,14.3,30,,0.6,1.2,1.8,0.067,,3.2,-0.8,2.4,1.4
322,Rodney McGruder,SG,31,DET,33,524,10.7,0.566,0.638,0.145,4.1,11.8,7.8,7.6,1.5,0.2,6.4,14,,0.5,0.2,0.7,0.067,,-0.8,-0.7,-1.5,0.1
106,Seth Curry,SG,32,BRK,58,1184,12.2,0.59,0.515,0.116,1.3,7.8,4.6,11.8,1.4,0.5,9.7,19.2,,0.8,0.8,1.6,0.067,,-1.2,-1,-2.3,-0.1
251,Kai Jones,C,22,CHO,43,490,11.2,0.611,0.132,0.236,7.6,18,12.7,3.3,1.4,4.6,19.3,12.4,,0.1,0.6,0.7,0.067,,-4.7,0.5,-4.3,-0.3
145,Dorian Finney-Smith,PF,29,DAL,40,1288,10.1,0.557,0.7,0.129,6,11.2,8.6,6.4,1.5,1.4,9.9,12.8,,0.8,1,1.8,0.066,,-0.9,-0.2,-1.1,0.3
381,Aleksej Pokusevski,PF,21,OKC,34,701,13.4,0.522,0.418,0.141,6.8,17.8,12.2,12.4,1.4,5.7,14,18.3,,0,1,1,0.065,,-1,1,0,0.3
126,Luguentz Dort,SG,23,OKC,72,2218,11.5,0.516,0.47,0.29,5.7,10.5,8.1,9.3,1.6,0.9,8.5,19.8,,0.9,2,2.9,0.064,,-2,-0.9,-2.9,-0.5
490,Lonnie Walker IV,SG,24,LAL,55,1291,12.1,0.568,0.471,0.202,1.2,7.5,4.5,7.1,1.1,1,7.4,20.3,,0.7,1,1.7,0.064,,-1,-0.5,-1.5,0.1
405,Jared Rhoden,SG,23,DET,10,106,8.6,0.55,0.476,0.286,8.1,14,11,3.8,0.9,0,7.8,10.3,,0.1,0,0.1,0.064,,-3.5,-1.6,-5,-0.1
4,Ochai Agbaji,SG,22,UTA,55,1079,9.6,0.581,0.629,0.184,4.2,7,5.6,6.6,0.6,1,8.8,14.5,,1.1,0.4,1.4,0.064,,-1.4,-1.4,-2.8,-0.2
119,Hamidou Diallo,SG,24,DET,56,996,15.7,0.593,0.056,0.395,6.1,15.7,10.8,9.1,2.6,1.4,13.9,21.8,,0.4,0.9,1.3,0.063,,-1.8,0.4,-1.4,0.1
139,Anthony Edwards,SG,21,MIN,76,2747,17.1,0.564,0.376,0.269,1.7,15.7,8.9,19.4,2,1.7,13.1,29.6,,0.2,3.4,3.6,0.063,,0.9,0,0.9,2
362,Jordan Nwora,SF,24,TOT,59,1114,12.2,0.556,0.472,0.196,4.8,16,10.5,10.6,1,1,12,19.2,,0.4,1,1.5,0.063,,-0.8,-1.1,-1.9,0
474,P.J. Tucker,PF,37,PHI,73,1871,5.6,0.555,0.624,0.106,6,12.2,9.2,4,1,0.7,15.5,6.5,,0.8,1.7,2.5,0.063,,-3.3,0.2,-3.1,-0.5
299,Sandro Mamukelashvili,C,23,TOT,39,553,12.6,0.503,0.446,0.242,11.2,18.6,14.9,12.5,0.9,1.5,11.6,17.5,,0.3,0.4,0.7,0.063,,-1.5,-1.2,-2.7,-0.1
383,Kevin Porter Jr.,PG,22,HOU,57,1952,16.1,0.562,0.432,0.293,4.2,13.3,8.7,25.7,1.9,0.9,16,24.4,,1.7,0.9,2.5,0.062,,1.4,-1,0.4,1.2
342,Markieff Morris,PF,33,TOT,33,320,10,0.565,0.609,0.109,4.7,16.9,10.9,11.8,1.4,1.3,15.7,15.9,,0.1,0.3,0.4,0.062,,-2.4,-0.1,-2.5,0
258,Mfiondu Kabengele,PF,25,BOS,2,14,5.6,0.5,0.5,0,23.8,15.4,19.5,0,0,0,33.3,9.4,,0,0,0,0.062,,-8.2,-4.6,-12.8,0
318,Jalen McDaniels,SF,25,TOT,76,1811,11.4,0.552,0.381,0.228,3.5,16.5,9.9,9.7,2,1.5,12.4,17.1,,0.3,2,2.3,0.061,,-2.9,0.4,-2.5,-0.2
337,Moses Moody,SG,20,GSW,60,752,9.5,0.58,0.606,0.256,3.9,10,7,8,1.1,0.7,12.4,14.4,,0.4,0.6,1,0.061,,-2.1,-0.9,-3,-0.2
26,Dominick Barlow,SF,19,SAS,24,310,10.8,0.553,0.063,0.27,11.2,14,12.6,7,1.1,4,15.6,11.2,,0.2,0.2,0.4,0.061,,-4.5,-0.8,-5.3,-0.3
465,Klay Thompson,SG,32,GSW,67,2223,14.6,0.572,0.584,0.107,2,11.7,6.9,11.1,1,1.1,8.5,26.3,,1.1,1.8,2.8,0.061,,1.3,-1.8,-0.5,0.8
222,Bones Hyland,PG,22,TOT,53,1025,14.9,0.535,0.55,0.177,2.1,11.3,6.8,23.4,1.8,1.3,11.9,28.2,,0.2,1,1.3,0.06,,0.4,-1.3,-0.9,0.3
408,Austin Rivers,SG,30,MIN,52,1016,7.4,0.564,0.589,0.187,0.6,8.4,4.6,9.3,1.3,0.3,9.2,10.5,,0.5,0.7,1.3,0.06,,-3.3,0.5,-2.9,-0.2
482,Noah Vonleh,C,27,BOS,23,171,5.9,0.502,0.167,0.083,11.7,18.9,15.3,5.1,0.6,4,30.7,9.2,,0,0.3,0.2,0.06,,-7,0.7,-6.4,-0.2
223,Serge Ibaka,C,33,MIL,16,185,9.9,0.553,0.333,0.241,8.8,15.7,12.4,2.9,0.5,3.1,15.6,16.1,,0,0.2,0.2,0.06,,-4.6,0,-4.6,-0.1
425,Olivier Sarr,C,23,OKC,6,67,8.4,0.489,0.462,0.231,12.6,9.8,11.2,5.5,0,6.9,17.3,10.8,,0,0.1,0.1,0.06,,-5.5,-0.1,-5.6,-0.1
407,Josh Richardson,SG,29,TOT,61,1448,12.8,0.557,0.525,0.151,2.9,10.2,6.4,16.5,2.1,1.2,12.5,18.9,,0.7,1,1.8,0.059,,-0.8,-0.2,-1,0.4
108,Dyson Daniels,PG,19,NOP,56,1011,8.5,0.495,0.413,0.184,3.8,16.2,10,16.2,2,1,19.9,11.5,,-0.1,1.4,1.2,0.059,,-3.6,1.6,-2,0
6,Nickeil Alexander-Walker,SG,24,TOT,56,836,11.5,0.562,0.529,0.216,1.9,10.9,6.4,16.9,1.7,1.9,14.8,18,,0.3,0.7,1,0.059,,-1.4,0.4,-1,0.2
202,Gordon Hayward,SF,32,CHO,50,1577,13.5,0.563,0.275,0.274,2.2,12.6,7.3,19.2,1.3,0.7,13.2,20,,0.8,1.1,1.9,0.059,,-1.1,-0.3,-1.5,0.2
362,Jordan Nwora,SF,24,MIL,38,597,10.1,0.53,0.518,0.218,5.3,14.7,10.2,8.4,1,1,13.6,17.6,,0,0.7,0.7,0.059,,-2,-0.4,-2.4,-0.1
441,Anfernee Simons,SG,23,POR,62,2171,14.9,0.581,0.538,0.171,1,7.6,4.3,18.8,0.9,0.6,10.2,25.1,,2.2,0.5,2.7,0.059,,1.3,-2.4,-1.1,0.5
193,Kevon Harris,SG,25,ORL,31,383,8.3,0.532,0.361,0.325,7.4,10,8.7,4.5,2,1,14.4,12.4,,0.1,0.4,0.5,0.058,,-4,0.3,-3.6,-0.2
309,Garrison Mathews,SG,26,TOT,52,658,9.3,0.569,0.894,0.255,1.7,10,5.8,5.1,1.8,0.6,8.3,14.4,,0.6,0.2,0.8,0.058,,-2.2,-0.4,-2.6,-0.1
417,Terrence Ross,SG,31,TOT,59,1243,10.1,0.55,0.565,0.074,1.8,10.8,6.2,9.5,1.3,0.6,8.6,16.8,,0.4,1.1,1.5,0.058,,-1.8,-0.3,-2.1,0
382,Jordan Poole,PG,23,GSW,79,2391,14.5,0.572,0.495,0.315,1.5,8.4,5,22.6,1.2,0.7,14.7,29.1,,1.2,1.8,2.9,0.058,,-0.1,-1.8,-1.9,0.1
168,Eric Gordon,SG,34,TOT,66,1902,12.1,0.591,0.534,0.274,0.9,6.6,3.8,13.5,1,1.2,12.4,17.8,,1.9,0.4,2.3,0.058,,-0.4,-1.4,-1.8,0.1
90,Max Christie,SG,19,LAL,39,511,7.4,0.566,0.585,0.151,1.5,13.8,7.9,5.2,0.8,1.2,10.3,10.4,,0.1,0.5,0.6,0.058,,-3.1,0,-3.1,-0.1
182,Rui Hachimura,PF,24,TOT,59,1378,13.1,0.557,0.271,0.203,3.9,16.6,10.5,5.7,0.7,1.5,8,20.2,,0.5,1.2,1.7,0.058,,-1.3,-0.9,-2.2,-0.1
363,Royce O'Neale,SF,29,BRK,73,2310,9.2,0.541,0.699,0.119,2.7,14.8,8.9,15.1,1.3,1.7,15.6,13.5,,0.4,2.3,2.7,0.057,,-1.7,0.5,-1.2,0.5
368,KZ Okpala,PF,23,SAC,35,248,6.2,0.554,0.553,0.211,3.3,12.3,7.8,6.3,1.3,2.5,14.4,8.4,,0.1,0.2,0.3,0.057,,-4.3,1.1,-3.2,-0.1
71,Reggie Bullock,SF,31,DAL,76,2313,7.7,0.577,0.844,0.08,1.6,12.7,7.1,6,1.2,0.5,7,10.1,,1.3,1.5,2.7,0.057,,-2.2,-0.3,-2.6,-0.3
318,Jalen McDaniels,SF,25,CHO,56,1494,11.6,0.551,0.409,0.211,3.1,16.5,9.6,10.5,2.1,1.7,12.9,17.4,,0.1,1.7,1.7,0.056,,-2.7,0.7,-2,0
59,Oshae Brissett,SF,24,IND,62,1025,10.8,0.525,0.505,0.435,6.5,15.8,11.2,5.2,1.5,0.9,7.8,15.8,,0.5,0.7,1.2,0.056,,-1.8,-1.1,-2.8,-0.2
309,Garrison Mathews,SG,26,HOU,45,602,9.1,0.564,0.912,0.265,1.8,9.6,5.7,5.2,1.9,0.6,8.7,14.3,,0.5,0.2,0.7,0.055,,-2.3,-0.2,-2.6,-0.1
16,Deni Avdija,SF,22,WAS,76,2020,11.2,0.535,0.401,0.285,4.3,22,13.5,14,1.6,1.2,15.9,16.7,,0,2.3,2.3,0.055,,-2.8,0.5,-2.3,-0.1
278,Jake LaRavia,PF,21,MEM,35,414,6.7,0.531,0.747,0.095,4.9,11.2,8.1,6.2,1.4,0.9,15.4,11.7,,0,0.5,0.5,0.055,,-3.9,0.4,-3.5,-0.2
471,Juan Toscano-Anderson,SF,29,LAL,30,365,7.5,0.558,0.303,0.227,4.3,13.3,8.9,8.7,1.3,1.6,19,10.4,,0,0.4,0.4,0.055,,-4.6,1.2,-3.4,-0.1
221,De'Andre Hunter,SF,25,ATL,65,2082,11.4,0.562,0.348,0.253,2.3,12.4,7.3,5.9,0.8,0.7,8.2,19.6,,1.3,1.1,2.4,0.055,,-2,-1.4,-3.3,-0.7
331,Davion Mitchell,PG,24,SAC,77,1388,9.5,0.552,0.488,0.083,1.2,7.2,4.2,16.4,1.4,0.9,13,13.8,,0.7,0.8,1.6,0.054,,-2.3,-0.4,-2.7,-0.2
87,Julian Champagnie,SF,21,SAS,11,195,12.1,0.618,0.648,0.085,3.2,17,9.8,2.9,0.7,1.7,8.7,17.1,,0.2,0.1,0.2,0.054,,-1.5,-2.6,-4.1,-0.1
314,Miles McBride,PG,22,NYK,61,718,8.7,0.48,0.636,0.202,2,5.5,3.7,12.7,2.5,1.1,10,14.4,,0.1,0.7,0.8,0.053,,-3.4,1.6,-1.8,0
210,Aaron Holiday,PG,26,ATL,59,786,9.4,0.532,0.395,0.146,3.2,6.8,4.9,12.4,1.9,1.2,12.8,13.4,,0.3,0.6,0.9,0.053,,-2.9,0.9,-2,0
375,Cameron Payne,PG,28,PHO,46,946,13.2,0.514,0.411,0.142,1.4,11,6.1,32.2,1.7,0.8,14.5,24.5,,0.1,1,1.1,0.053,,-0.5,-0.7,-1.2,0.2
341,Marcus Morris,PF,33,LAC,65,1825,10.5,0.534,0.479,0.135,1.8,13.9,7.9,9,1.1,1,7.6,17.7,,0.4,1.6,2,0.053,,-1.8,-0.2,-2,0
523,James Wiseman,C,21,DET,20,514,15.4,0.571,0.081,0.2,9.8,27.3,18.3,4.2,0.4,3.1,12.3,21.5,,0.2,0.4,0.6,0.053,,-2.3,-1.7,-4,-0.3
445,Dru Smith,SG,25,MIA,5,67,7.2,0.393,0.429,0,1.7,14.5,7.9,10.2,3,4.5,6.7,9.9,,0,0.1,0.1,0.052,,-6.3,3.1,-3.2,0
222,Bones Hyland,PG,22,DEN,42,820,14.5,0.54,0.555,0.189,1.4,10.4,6,21.9,1.7,1.4,12.5,28.5,,0.1,0.8,0.9,0.052,,0.6,-1.4,-0.8,0.3
256,Nikola Jović,PF,19,MIA,15,204,10.6,0.53,0.507,0.275,5,13.1,8.9,7.3,1.7,1,11.4,19,,0,0.2,0.2,0.052,,-3.4,-0.1,-3.5,-0.1
203,Juancho Hernangómez,PF,27,TOR,42,614,7.6,0.504,0.588,0.14,4.6,19.2,11.4,5.2,1.3,0.9,11,9.4,,0.1,0.6,0.7,0.052,,-3.5,0.2,-3.3,-0.2
455,Jalen Suggs,PG,21,ORL,49,1164,12.3,0.523,0.446,0.279,4.8,9.1,7,18.2,2.7,2.1,16.1,20.2,,-0.3,1.5,1.2,0.051,,-2.2,1,-1.2,0.2
371,Eugene Omoruyi,SF,25,OKC,23,272,10.6,0.531,0.33,0.298,8.5,12.1,10.3,5.6,2.4,0,13.1,18.8,,0,0.3,0.3,0.051,,-4.4,-0.5,-4.9,-0.2
373,Kelly Oubre Jr.,SF,27,CHO,48,1548,14.9,0.534,0.414,0.254,4.4,13,8.6,5.5,2.1,1,6.6,26.5,,0.2,1.5,1.6,0.051,,-0.4,-0.8,-1.1,0.3
480,Devin Vassell,SG,22,SAS,38,1178,15.5,0.55,0.447,0.168,0.7,13.6,6.9,17.4,1.7,1.2,8.2,24.5,,0.7,0.5,1.2,0.051,,1.3,-0.9,0.3,0.7
494,P.J. Washington,PF,24,CHO,73,2380,12.9,0.542,0.438,0.178,3.2,13.1,8,10.9,1.3,2.9,9.4,20.6,,0.4,2.1,2.5,0.051,,-1,-0.3,-1.3,0.4
25,Dalano Banton,PG,23,TOR,28,252,13.6,0.494,0.407,0.168,3.8,13.6,8.3,16.8,2.5,4.6,11.6,23.2,,-0.1,0.4,0.3,0.05,,-2.1,0.8,-1.4,0
207,Haywood Highsmith,SF,26,MIA,51,891,8.6,0.52,0.52,0.131,6.3,16.4,11.2,5.5,1.9,1.7,15,12.3,,-0.2,1.1,0.9,0.05,,-3.6,0.7,-2.9,-0.2
140,Kessler Edwards,SF,22,TOT,32,332,8.9,0.524,0.595,0.155,6.6,10.8,8.8,7.2,1.6,1.6,11.8,13.3,,0.1,0.3,0.3,0.05,,-2.7,-1,-3.7,-0.1
145,Dorian Finney-Smith,PF,29,TOT,64,1953,9.2,0.52,0.677,0.121,6.6,11.4,9,6.7,1.4,1.6,10.5,13.2,,0.5,1.5,2,0.05,,-1.8,-0.3,-2.1,0
299,Sandro Mamukelashvili,C,23,MIL,24,217,8.5,0.432,0.552,0.31,9,17.5,13.4,9.3,0.9,1.9,12,14.5,,-0.1,0.3,0.2,0.05,,-4,0.3,-3.6,-0.1
22,Mo Bamba,C,24,LAL,7,81,11.1,0.537,0.625,0.458,12.3,35.7,24.4,6.5,0.6,4.2,21.7,19.2,,-0.1,0.1,0.1,0.05,,-5.2,-0.2,-5.4,-0.1
401,Cam Reddish,SF,23,TOT,40,990,10.6,0.561,0.462,0.24,2.1,8,5,8.2,1.9,1.3,12,17.2,,0.3,0.7,1,0.049,,-2.7,-0.7,-3.4,-0.4
352,Aaron Nesmith,SF,23,IND,70,1748,10.2,0.56,0.534,0.232,3.9,13,8.5,7.5,1.4,1.5,10.6,16.8,,0.7,1.1,1.8,0.049,,-2.4,-0.7,-3.1,-0.5
188,Jaden Hardy,SG,20,DAL,45,650,14.3,0.577,0.475,0.259,1.6,13,7.2,14.6,1.3,0.8,12,26.2,,0.2,0.5,0.7,0.049,,-0.6,-1.7,-2.3,0
23,Paolo Banchero,PF,20,ORL,71,2392,15,0.529,0.254,0.477,3.8,19.2,11.5,17.1,1.2,1.6,12.7,27.5,,-0.2,2.6,2.4,0.049,,-0.7,-0.7,-1.4,0.3
393,Taurean Prince,SF,28,MIN,51,1109,9.8,0.599,0.514,0.198,1.3,10.8,6.2,10,1.2,1.2,15.2,17.2,,0.2,0.9,1.1,0.049,,-2.7,-0.5,-3.3,-0.3
471,Juan Toscano-Anderson,SF,29,TOT,48,616,7.6,0.551,0.278,0.165,4.1,14.7,9.5,10.5,1.1,1.2,19.6,10.5,,0.1,0.6,0.6,0.049,,-4.4,0.9,-3.5,-0.2
328,Patty Mills,PG,34,BRK,39,531,11.4,0.562,0.631,0.116,1.7,7,4.4,14.4,1.3,0.5,11.1,19.6,,0.2,0.3,0.5,0.048,,-0.8,-1.5,-2.4,0
114,Dewayne Dedmon,C,33,PHI,6,43,11.2,0.46,0.1,0.2,11.2,24.3,17.9,9.7,1.2,10.8,21.6,14.4,,0,0.1,0,0.048,,-6,2.2,-3.7,0
186,Tim Hardaway Jr.,SG,30,DAL,70,2116,11.9,0.55,0.651,0.194,1.2,12.7,6.9,8.9,1.2,0.5,6.2,20.6,,0.8,1.3,2.1,0.048,,-0.4,-1.5,-1.9,0.1
407,Josh Richardson,SG,29,SAS,42,997,13.7,0.556,0.51,0.148,3.2,10.2,6.5,19.4,1.9,0.9,12.7,20.6,,0.6,0.4,1,0.047,,-0.1,-1,-1.1,0.2
463,Daniel Theis,C,30,IND,7,109,14.3,0.497,0.25,0.273,7.1,15.3,11.2,12.2,0.9,4.8,5.7,20.1,,0,0.1,0.1,0.047,,-0.9,-0.5,-1.4,0
458,Jae'Sean Tate,SF,27,HOU,31,677,12.2,0.546,0.201,0.301,6.6,12.7,9.6,18.3,1.5,1,15.3,18.8,,0.4,0.2,0.7,0.046,,-2.8,-0.8,-3.5,-0.3
464,Cam Thomas,SG,21,BRK,55,900,14.3,0.56,0.292,0.391,1,10.4,5.8,13,1,0.6,10.4,27.4,,0.2,0.6,0.9,0.046,,-1,-1.9,-2.9,-0.2
70,Thomas Bryant,C,25,DEN,17,184,10.6,0.523,0.1,0.3,11.6,20.8,16.3,1.4,0.5,2.9,12.8,18.4,,0,0.2,0.2,0.046,,-5.6,-2.6,-8.2,-0.3
89,Kennedy Chandler,PG,20,MEM,34,269,10.5,0.437,0.19,0.165,2.8,11,6.9,27.1,2.1,1.7,16.7,15.7,,-0.1,0.4,0.3,0.045,,-3.5,0.8,-2.6,0
358,Jaylen Nowell,SG,23,MIN,65,1252,13.7,0.527,0.371,0.158,3.3,11.8,7.6,16,1.6,0.4,8.9,25,,0,1.1,1.2,0.045,,-1.5,-1,-2.5,-0.2
414,David Roddy,PF,21,MEM,66,1135,8.9,0.519,0.507,0.171,4.5,12.3,8.4,5.7,1.2,1.4,11.3,16.9,,-0.3,1.3,1.1,0.045,,-3.2,-0.5,-3.7,-0.5
87,Julian Champagnie,SF,21,TOT,13,202,11.5,0.602,0.644,0.082,3.1,16.4,9.5,2.8,0.9,1.6,8.5,17,,0.1,0.1,0.2,0.045,,-1.8,-2.6,-4.4,-0.1
421,Matt Ryan,SF,25,TOT,33,306,8.3,0.543,0.776,0.112,1.5,7.6,4.6,6.5,0.8,0.3,5.9,16.6,,0.1,0.2,0.3,0.045,,-1.7,-1.5,-3.2,-0.1
298,Théo Maledon,PG,21,CHO,41,735,11.1,0.503,0.392,0.307,1.7,14.3,7.8,23.2,1.9,1.3,16.1,16.4,,0,0.7,0.7,0.044,,-3.2,0.4,-2.7,-0.1
306,Cody Martin,SF,27,CHO,7,134,8.8,0.448,0.389,0.194,6.2,13,9.5,10.9,1.4,0.6,4.9,12.9,,0,0.1,0.1,0.044,,-3.8,-0.8,-4.6,-0.1
267,Kevin Knox,PF,23,DET,42,593,10.3,0.612,0.648,0.184,3.6,17,10.1,3.7,1.1,1.8,14.2,16.2,,0.2,0.3,0.5,0.044,,-2.2,-0.7,-2.8,-0.1
29,RJ Barrett,SG,22,NYK,71,2402,12.9,0.532,0.333,0.333,2.7,13.8,8.2,12.2,0.6,0.6,11,26.2,,0.4,1.8,2.2,0.044,,-1.2,-1.8,-3.1,-0.6
93,Jordan Clarkson,SG,30,UTA,61,1988,14.7,0.558,0.445,0.238,4,9.4,6.7,21,0.8,0.6,14,27.8,,1,0.8,1.8,0.043,,1,-2.4,-1.4,0.3
50,Brandon Boston Jr.,SG,21,LAC,21,247,13.4,0.519,0.24,0.314,3.2,9.9,6.6,12,1.8,0,8,26.5,,0,0.2,0.2,0.042,,-1.6,-0.6,-2.2,0
224,Andre Iguodala,SF,39,GSW,8,113,7.3,0.521,0.6,0.2,3,13.5,8.3,20.4,1.7,2.3,35.5,9.4,,0,0.1,0.1,0.042,,-4.5,1.6,-2.9,0
310,Bennedict Mathurin,SF,20,IND,75,2115,13.3,0.566,0.333,0.467,4.4,11.6,8,7.1,1,0.5,11.2,24.5,,1,0.8,1.8,0.042,,-1,-2.5,-3.5,-0.8
36,Malik Beasley,SG,26,UTA,55,1472,11.5,0.535,0.704,0.066,2,12.4,7.2,9.1,1.4,0.5,8,21.2,,0.3,1,1.3,0.041,,-0.4,-1.2,-1.6,0.1
377,Theo Pinson,SG,27,DAL,38,252,7.8,0.486,0.721,0.18,3.7,16.5,10,16.6,0.8,0.4,13.2,13.6,,0.1,0.2,0.2,0.041,,-3.2,-1,-4.2,-0.1
67,Sterling Brown,SG,27,LAL,4,24,7,0,0.5,0,13.9,21.5,17.8,9.5,5.9,0,0,7,,0,0.1,0,0.04,,-8.4,5.2,-3.3,0
357,Nerlens Noel,C,28,DET,14,152,10,0.465,0.067,0.333,4.9,22.5,13.5,6.2,4.1,5.2,18.9,11.9,,-0.1,0.3,0.1,0.04,,-5.1,3.1,-2,0
371,Eugene Omoruyi,SF,25,TOT,38,605,10.8,0.531,0.38,0.315,7.2,11.9,9.5,6,2,0.4,11.2,19.3,,0,0.5,0.5,0.04,,-3.7,-1,-4.7,-0.4
272,Vit Krejci,PG,22,ATL,26,140,7.3,0.502,0.576,0.061,2.3,11.9,7,12.2,1,0.6,10.6,11.4,,0,0.1,0.1,0.04,,-3.9,0.5,-3.4,0
471,Juan Toscano-Anderson,SF,29,UTA,18,251,7.7,0.542,0.245,0.082,3.9,16.6,10.4,13.3,0.8,0.7,20.4,10.6,,0,0.2,0.2,0.04,,-4.1,0.4,-3.8,-0.1
290,Isaiah Livers,PF,24,DET,51,1175,8.2,0.561,0.706,0.129,2.6,10.9,6.6,4.7,1.2,2.1,9,11.7,,0.5,0.5,1,0.039,,-2.2,-0.3,-2.5,-0.2
182,Rui Hachimura,PF,24,WAS,30,728,13.6,0.558,0.275,0.179,3,16.1,9.8,7.3,0.7,1.4,9.3,23.1,,0,0.6,0.6,0.039,,-1.2,-1.4,-2.6,-0.1
100,Xavier Cooks,PF,27,WAS,6,22,10.4,1,0,0,15.9,19.5,17.8,11.6,0,3.8,60,9.9,,0,0,0,0.039,,-4,-0.1,-4.1,0
444,Dennis Smith Jr.,PG,25,CHO,54,1390,11.6,0.475,0.246,0.235,2,11,6.4,26,2.6,1.6,14.1,17.6,,-0.4,1.5,1.1,0.038,,-3.5,1.2,-2.3,-0.1
501,Russell Westbrook,PG,34,TOT,70,2040,15.7,0.51,0.291,0.32,4.3,16.9,10.8,38.8,1.7,1.3,18.6,27.7,,-0.9,2.5,1.6,0.038,,0,-0.1,-0.1,1
319,Doug McDermott,SF,31,SAS,63,1308,11.3,0.596,0.57,0.136,1.9,10,5.7,9.9,0.5,0.4,9.6,19.2,,1,0,1,0.038,,-0.6,-2.5,-3.2,-0.4
185,R.J. Hampton,PG,21,TOT,43,665,10.4,0.553,0.495,0.35,2.7,9.7,6.1,10.7,1.9,0.8,14.4,17.9,,0,0.5,0.5,0.037,,-2.7,-0.4,-3,-0.2
418,Terry Rozier,SG,28,CHO,63,2221,14.7,0.517,0.425,0.185,2.4,10.2,6.2,22.6,1.6,0.6,9.4,26.8,,0.1,1.6,1.7,0.037,,0.6,-1.2,-0.6,0.8
267,Kevin Knox,PF-SF,23,TOT,59,834,10.7,0.579,0.576,0.159,4.1,17.3,10.5,5,1.3,1.3,12.4,17.3,,0.1,0.5,0.6,0.037,,-2.3,-1,-3.2,-0.3
435,Shaedon Sharpe,SG,19,POR,77,1684,11.2,0.572,0.436,0.16,4,10.9,7.4,7.1,1,1.3,10.5,18.3,,0.7,0.7,1.3,0.037,,-1.5,-1.9,-3.4,-0.6
289,Nassir Little,SF,22,POR,54,976,10.3,0.555,0.521,0.152,3.2,13.5,8.3,7.3,1,1.8,10,16,,0.3,0.5,0.7,0.036,,-1.6,-1.4,-3,-0.3
360,Kendrick Nunn,PG,27,WAS,27,349,12.9,0.567,0.507,0.08,2.3,9.8,6.2,16.9,2,0.2,14.8,22.8,,0,0.3,0.3,0.035,,-1.2,-1.2,-2.4,0
217,Caleb Houstan,SF,20,ORL,48,722,5.7,0.501,0.742,0.084,4.9,10,7.5,4.7,0.5,0.8,9.1,10.5,,0.1,0.5,0.5,0.035,,-3.3,-0.9,-4.2,-0.4
481,Gabe Vincent,PG,26,MIA,64,1672,8.8,0.534,0.618,0.144,1.8,8,4.8,13.6,1.8,0.3,13.8,17.5,,-0.4,1.6,1.2,0.034,,-3.3,-0.3,-3.6,-0.7
277,Romeo Langford,SG,23,SAS,40,793,10.7,0.527,0.235,0.198,7.2,8.1,7.6,8,1.3,1.4,8.8,15.4,,0.4,0.2,0.6,0.034,,-2.4,-1.5,-3.8,-0.4
121,Ousmane Dieng,SF,19,OKC,36,514,8.9,0.496,0.543,0.105,3.5,16.8,10,9,1.2,1.1,10.6,15.4,,-0.2,0.5,0.4,0.034,,-3.4,-0.5,-4,-0.3
168,Eric Gordon,SG,34,HOU,47,1418,11.4,0.572,0.513,0.282,0.9,6.7,3.8,13.9,1,1.2,13.4,18.2,,1,0,1,0.034,,-0.9,-1.7,-2.6,-0.2
409,Duncan Robinson,SF,28,MIA,39,623,7.7,0.533,0.816,0.123,1.5,10.5,5.8,9.4,1,0,9.7,17.6,,0,0.5,0.4,0.034,,-3.3,-1.5,-4.8,-0.4
460,Terry Taylor,PF,23,TOT,29,237,9.7,0.535,0.279,0.103,10.8,8,9.4,5.7,0.6,1.8,11.2,14.2,,0.1,0.1,0.2,0.034,,-2.9,-1.8,-4.6,-0.2
112,JD Davison,PG,20,BOS,10,27,11.9,0.423,0.308,0,4.1,20,12.1,32.6,3.6,0,13.3,24.3,,0,0.1,0,0.033,,-7.5,2.5,-5,0
61,Dillon Brooks,SF,27,MEM,71,2145,9.4,0.492,0.439,0.154,2.1,9.5,5.8,11.9,1.4,0.6,8.9,21.8,,-0.8,2.3,1.5,0.033,,-3.5,-0.5,-3.9,-1.1
417,Terrence Ross,SG,31,ORL,42,944,8.6,0.543,0.535,0.067,1.2,9,5.1,8.1,1.3,0.8,10.7,15.7,,-0.1,0.8,0.6,0.033,,-2.6,-0.4,-3.1,-0.2
6,Nickeil Alexander-Walker,SG,24,MIN,20,308,8.9,0.486,0.556,0.194,2.2,11.8,7.1,11.6,0.9,1.4,6.4,17.4,,0,0.3,0.2,0.033,,-2.8,-0.8,-3.5,-0.1
95,Amir Coffey,SG,25,LAC,49,624,7.1,0.498,0.276,0.434,3.1,6.4,4.8,11.2,0.6,0.7,10.8,13.6,,0.1,0.3,0.4,0.033,,-4.4,-0.7,-5,-0.5
243,Keldon Johnson,SF,23,SAS,62,2031,15.4,0.553,0.366,0.298,2.9,14.5,8.5,13.7,1,0.4,9.7,27.8,,0.8,0.5,1.3,0.031,,0.7,-2.5,-1.8,0.1
447,Jabari Smith Jr.,PF,19,HOU,76,2351,11,0.511,0.45,0.225,5.4,20.5,12.9,6.1,0.8,2.9,9.6,18.4,,0.3,1.2,1.5,0.031,,-2.4,-1.4,-3.8,-1.1
371,Eugene Omoruyi,SF,25,DET,15,333,10.9,0.53,0.418,0.328,6.1,11.7,8.8,6.4,1.6,0.8,9.7,19.7,,0.1,0.2,0.2,0.03,,-3.2,-1.4,-4.6,-0.2
215,Talen Horton-Tucker,SG,22,UTA,64,1276,13.7,0.511,0.336,0.262,3.4,14,8.7,27.5,1.5,1.8,15.8,25.7,,-0.2,1.1,0.8,0.03,,-1,-0.5,-1.5,0.2
401,Cam Reddish,SF,23,POR,20,552,10.7,0.563,0.5,0.239,2.3,9.6,6,9.6,2.1,1,14.1,17.9,,0,0.3,0.3,0.029,,-3,-1.3,-4.3,-0.3
283,Alex Len,C,29,SAC,22,107,10.2,0.563,0.083,0.417,10.8,27.5,19.3,9.6,1.3,4.9,29.7,16.2,,-0.1,0.2,0.1,0.029,,-6.4,1.1,-5.2,-0.1
174,Jalen Green,SG,20,HOU,73,2498,14.4,0.538,0.412,0.345,1.8,10.4,6,17.1,1.1,0.7,11.5,28.1,,1.2,0.3,1.5,0.029,,0.4,-2.7,-2.2,-0.1
53,Jamaree Bouyea,PG,23,MIA,4,65,7.8,0.54,0.385,0.154,1.7,7.5,4.5,8.6,3.1,3.1,22.4,12.2,,-0.1,0.1,0,0.028,,-4.9,2,-3,0
351,Andrew Nembhard,SG,23,IND,72,1974,9.7,0.526,0.423,0.087,1.9,8.8,5.3,21.6,1.6,0.6,15.5,15.9,,0.3,0.9,1.1,0.028,,-2.5,-0.7,-3.2,-0.6
488,Jabari Walker,SF,20,POR,52,530,9.9,0.491,0.276,0.227,9.3,15.5,12.4,8,0.8,2,10.9,16.6,,0,0.3,0.3,0.028,,-3.5,-1.8,-5.3,-0.4
522,Justise Winslow,SF,26,POR,29,776,9.3,0.466,0.227,0.141,7.3,14.3,10.8,17.3,1.9,1.3,17,14.2,,-0.1,0.6,0.4,0.026,,-3.5,0.7,-2.8,-0.2
146,Malachi Flynn,PG,24,TOR,50,645,8.1,0.467,0.573,0.129,2.5,10.6,6.2,13.5,1.5,0.6,8.8,17.2,,-0.1,0.5,0.3,0.026,,-3.4,-0.9,-4.3,-0.4
36,Malik Beasley,SG,26,TOT,77,2006,10.7,0.527,0.702,0.062,1.8,12.7,7.3,8.4,1.5,0.3,8.8,21.3,,-0.4,1.5,1.1,0.026,,-1.1,-1.1,-2.2,-0.1
37,MarJon Beauchamp,SF,22,MIL,48,614,8.3,0.514,0.581,0.152,6.4,10.7,8.6,5.9,1.5,0.7,14.7,18.6,,-0.4,0.7,0.3,0.026,,-4.1,-0.5,-4.6,-0.4
270,Furkan Korkmaz,SG,25,PHI,34,297,9.8,0.556,0.402,0.37,2.4,10.6,6.6,9.6,1.2,0.9,15.8,19.1,,-0.1,0.3,0.2,0.025,,-2.9,-1.2,-4.1,-0.1
233,Justin Jackson,SF,27,BOS,23,107,6.3,0.359,0.741,0.074,2.1,15.1,8.7,10.5,1.8,3.2,6.7,12.2,,-0.1,0.2,0.1,0.024,,-4.2,1.5,-2.7,0
501,Russell Westbrook,PG,34,LAL,52,1491,15.3,0.496,0.292,0.326,4.4,18.2,11.5,38.7,1.7,1.3,18.1,28.8,,-1.2,1.9,0.7,0.023,,-0.2,0.1,-0.1,0.7
151,Evan Fournier,SG,30,NYK,24,421,7.7,0.487,0.678,0.138,1,11.2,6.1,11.4,1.6,0.7,11.5,18.6,,-0.2,0.4,0.2,0.023,,-3.5,0.1,-3.4,-0.1
131,Goran Dragić,PG,36,TOT,55,809,10.2,0.512,0.434,0.133,1.9,8,5,24.7,0.8,0.5,15.1,21,,-0.3,0.6,0.4,0.023,,-2.1,-1.6,-3.7,-0.3
131,Goran Dragić,PG,36,CHI,51,787,10.2,0.514,0.428,0.137,1.9,8,5,24.7,0.7,0.5,15,20.9,,-0.2,0.6,0.4,0.023,,-2,-1.6,-3.7,-0.3
394,Payton Pritchard,PG,25,BOS,46,573,8.5,0.503,0.619,0.071,4.3,9,6.7,11.6,1.2,0.2,12.9,18.9,,-0.3,0.6,0.3,0.022,,-3.3,-1.1,-4.4,-0.3
391,Jason Preston,PG,23,LAC,13,122,10.4,0.489,0.439,0.049,1.9,18.2,10.1,31.7,0.8,0,19.3,18.6,,0,0.1,0.1,0.022,,-2.1,-0.5,-2.5,0
460,Terry Taylor,PF,23,IND,26,228,8.8,0.507,0.277,0.108,10.7,8.3,9.5,5.9,0.6,1.9,11.7,14.2,,0,0.1,0.1,0.022,,-3.4,-1.9,-5.3,-0.2
212,Justin Holiday,SG,33,DAL,16,246,7.3,0.507,0.763,0.119,0.9,10.6,5.7,7.2,2.2,2.9,12.7,13.1,,-0.2,0.3,0.1,0.021,,-4.2,0.7,-3.4,-0.1
491,John Wall,PG,32,LAC,34,755,13.7,0.498,0.322,0.334,2.1,11.5,6.8,35.6,1.8,1.4,17.1,27.1,,-0.4,0.8,0.3,0.021,,-0.8,-0.4,-1.2,0.1
115,Matthew Dellavedova,PG,32,SAC,32,213,6.7,0.443,0.54,0.14,0.5,6.4,3.5,23.4,1.6,0,15.9,12.7,,0,0.1,0.1,0.021,,-4.4,-0.8,-5.2,-0.2
267,Kevin Knox,SF,23,POR,17,241,11.6,0.516,0.443,0.113,5.2,18.2,11.7,8.2,1.6,0,8.9,20.2,,0,0.2,0.1,0.021,,-2.6,-1.8,-4.3,-0.1
20,Patrick Baldwin Jr.,SF,20,GSW,28,212,11,0.55,0.772,0.059,0.5,18,9.3,6.1,1.3,1.7,9.6,22.7,,-0.1,0.2,0.1,0.021,,-0.7,-1.3,-2,0
274,Kyle Kuzma,PF,27,WAS,64,2239,14.4,0.544,0.421,0.208,2.9,19.6,11.6,16.6,0.8,1.1,13.2,28,,-1,1.9,1,0.021,,-0.2,-1.5,-1.7,0.2
235,Reggie Jackson,PG,32,LAC,52,1338,10.3,0.523,0.43,0.129,1.9,7.8,4.9,20,1.4,0.3,15.1,20.8,,-0.4,1,0.6,0.02,,-2.6,-1,-3.7,-0.6
145,Dorian Finney-Smith,PF,29,BRK,24,665,7.4,0.453,0.636,0.108,7.6,11.9,9.8,7.4,1.2,1.9,11.5,13.9,,-0.3,0.6,0.3,0.02,,-3.5,-0.5,-4,-0.3
339,Wendell Moore Jr.,SG,21,MIN,27,149,8.8,0.452,0.405,0.119,2.3,10.3,6.4,15.7,2.6,2.9,15.3,15,,-0.1,0.2,0.1,0.019,,-4.1,1.5,-2.6,0
149,Trent Forrest,PG,24,ATL,20,246,7.4,0.478,0.039,0.059,2.2,11.7,6.9,15.3,1.2,0.7,17.4,10.8,,-0.1,0.1,0.1,0.019,,-4.6,0.5,-4.1,-0.1
159,Rudy Gay,PF,36,UTA,56,816,9.1,0.475,0.453,0.171,4.4,17.1,10.8,9.4,1.1,1.9,10.7,17.7,,-0.4,0.7,0.3,0.019,,-3.6,-0.4,-4,-0.4
369,Victor Oladipo,SG,30,MIA,40,1056,9.9,0.5,0.512,0.204,1.7,12.6,6.9,18.9,2.5,1.1,16.3,20.1,,-1,1.4,0.4,0.018,,-3.4,0.8,-2.6,-0.2
505,Joe Wieskamp,SF,23,TOR,6,31,5,0.563,0.875,0,0,11.9,5.5,4.2,0,0,11.1,12.4,,0,0,0,0.017,,-2.9,-2.8,-5.7,0
82,Vernon Carey Jr.,C,21,WAS,11,28,10.8,0.338,0,0.25,12.5,30.7,22,13.4,3.5,6,18.4,16.9,,-0.1,0.1,0,0.015,,-7.1,2.1,-5,0
518,Vince Williams Jr.,SG,22,MEM,12,53,5.3,0.333,0.733,0,4,10,7,6.8,3.6,1.7,6.3,12.5,,-0.1,0.1,0,0.014,,-6.2,2.9,-3.3,0
104,Jarrett Culver,SG,23,ATL,10,137,9.5,0.452,0.279,0.302,7.9,22.7,15.2,5.5,2.1,1.2,12.6,17.1,,-0.1,0.2,0,0.014,,-4.8,0.6,-4.2,-0.1
242,James Johnson,PF,35,IND,16,137,7,0.47,0.342,0.211,1.6,16.2,8.9,10.7,1.7,3.8,10.7,14.2,,-0.1,0.1,0,0.014,,-6,1.5,-4.6,-0.1
301,Tre Mann,PG,21,OKC,64,1132,9.6,0.486,0.522,0.104,2.4,11.3,6.8,13.2,1.6,0.9,10.1,20.7,,-0.7,1,0.3,0.014,,-3.2,-1.1,-4.3,-0.6
30,Will Barton,SG,32,WAS,40,782,10,0.504,0.484,0.158,1.5,13.9,7.9,16.6,1.1,1.1,12.9,19.5,,-0.4,0.6,0.2,0.014,,-1.7,-0.9,-2.7,-0.1
53,Jamaree Bouyea,PG,23,TOT,5,71,6.5,0.504,0.429,0.143,1.6,8.4,4.9,7.9,2.8,2.9,21.2,11.8,,-0.1,0.1,0,0.013,,-5.9,1.6,-4.2,0
172,Danny Green,SG,35,TOT,9,88,5.4,0.576,0.783,0.043,2.5,6.3,4.4,2.7,1.7,1,20.4,14.4,,-0.1,0.1,0,0.013,,-4.7,-0.4,-5.1,-0.1
235,Reggie Jackson,PG,32,TOT,64,1566,9.7,0.51,0.446,0.124,1.8,7.7,4.8,19.8,1.4,0.3,15,20.7,,-0.7,1.1,0.4,0.012,,-3,-1.1,-4.1,-0.9
212,Justin Holiday,SG,33,TOT,44,657,6.6,0.505,0.717,0.038,0.7,7.5,4.1,7.4,1.2,2.4,10.1,13.7,,-0.3,0.4,0.2,0.012,,-3.5,-0.1,-3.6,-0.3
466,JT Thor,PF,20,CHO,66,875,7.1,0.509,0.505,0.193,4.3,12.2,8.2,4.7,1.2,2,14.5,12.9,,-0.5,0.7,0.2,0.01,,-4.3,-0.4,-4.8,-0.6
150,Michael Foster Jr.,PF,20,PHI,1,1,0,,,,0,0,0,0,0,0,,0,,0,0,0,0.01,,-7.3,-1.9,-9.2,0
131,Goran Dragić,PG,36,MIL,4,22,9,0.45,0.6,0,0,9.1,4.7,24.3,4.3,0,16.7,23,,0,0,0,0.009,,-3.3,0.7,-2.6,0
34,Darius Bazley,PF,22,PHO,5,27,9.7,0.45,0.5,0.25,4,21,12.3,19.5,3.6,6.7,25.3,18.8,,-0.1,0.1,0,0.008,,-6.9,4.5,-2.4,0
402,Davon Reed,SG,27,TOT,42,341,6.2,0.471,0.548,0.286,3.5,16.1,9.9,8.3,2.1,1,17.5,14.6,,-0.4,0.4,0.1,0.008,,-5.4,0,-5.3,-0.3
30,Will Barton,SG,32,TOT,52,928,9.3,0.482,0.491,0.142,1.6,13.7,7.8,15.6,1.3,1.1,12,18.8,,-0.6,0.7,0.2,0.008,,-2.4,-0.7,-3.2,-0.3
357,Nerlens Noel,C,28,TOT,17,195,7.9,0.424,0.056,0.333,5.6,21,13.1,6.7,4,4.5,23.9,11.9,,-0.3,0.3,0,0.007,,-6.5,2.6,-3.8,-0.1
212,Justin Holiday,SG,33,ATL,28,411,6.1,0.504,0.696,0,0.5,5.7,3.1,7.6,0.6,2.1,8.8,14,,-0.1,0.2,0.1,0.007,,-3.2,-0.6,-3.8,-0.2
450,Jeremy Sochan,PF,19,SAS,56,1458,11.4,0.509,0.243,0.21,6.9,15.7,11.1,13.6,1.4,1.3,13.9,19.9,,-0.5,0.7,0.2,0.005,,-2.8,-1.2,-4,-0.8
91,Josh Christopher,SG,21,HOU,61,718,11.7,0.528,0.279,0.179,2.4,7.5,4.9,14.7,2,1.8,14,21.8,,-0.2,0.3,0.1,0.004,,-2.8,-1.4,-4.3,-0.4
360,Kendrick Nunn,SG-PG,27,TOT,66,877,10.4,0.527,0.504,0.082,1.6,9.8,5.8,12.4,1.4,0.4,12.2,23.1,,-0.7,0.7,0,0.001,,-2.5,-1.5,-4,-0.4
148,Bryn Forbes,SG,29,MIN,25,268,6.2,0.497,0.554,0.181,1.7,4.5,3.1,8.2,1.2,0.7,11.8,16.2,,-0.2,0.2,0,0,,-4.8,-1.5,-6.3,-0.3
416,Derrick Rose,PG,34,NYK,27,338,10.1,0.463,0.396,0.075,2.6,10.4,6.5,20.1,1,1.4,11.8,23.7,,-0.3,0.3,0,0,,-2.2,-1.5,-3.7,-0.1
118,Mamadi Diakite,PF,26,CLE,20,135,5.2,0.473,0.459,0,5.2,12.2,8.7,4,0.7,4.8,17.8,14.9,,-0.2,0.2,0,0,,-6.2,1.1,-5,-0.1
133,Chris Duarte,SF,25,IND,46,897,8.7,0.496,0.523,0.216,2.4,11.9,7.1,9.7,1.3,0.9,10.1,19,,-0.5,0.4,0,-0.001,,-2.9,-1.6,-4.5,-0.6
519,Ziaire Williams,SF,21,MEM,36,528,6.3,0.503,0.503,0.102,3,12,7.5,6.5,1.3,0.9,16.3,17.3,,-0.6,0.6,0,-0.001,,-5.5,-0.8,-6.3,-0.6
229,Jaden Ivey,SG,20,DET,70,2146,11.9,0.524,0.357,0.373,3.4,10.8,7,25.8,1.3,0.7,17.1,25.2,,-0.9,0.8,-0.1,-0.002,,-1.6,-1.8,-3.3,-0.7
147,Simone Fontecchio,SF,27,UTA,48,665,7.7,0.49,0.616,0.16,4.3,6.8,5.5,7.4,0.9,1,10.2,19.7,,-0.3,0.3,-0.1,-0.004,,-3.2,-2.2,-5.4,-0.6
55,Malaki Branham,SF,19,SAS,62,1447,9.4,0.525,0.42,0.11,2,11.1,6.4,12,1,0.4,11.2,18.8,,-0.4,0.2,-0.1,-0.005,,-3.1,-2.1,-5.1,-1.2
321,Bryce McGowens,SG,20,CHO,43,684,6,0.494,0.402,0.366,2.6,9.7,6.1,8.6,0.8,0.8,15.2,13.8,,-0.4,0.4,-0.1,-0.006,,-5.1,-1.5,-6.6,-0.8
120,Gorgui Dieng,C,33,SAS,28,294,9.6,0.487,0.663,0.084,8.6,23.7,15.9,19.1,0.6,3.1,21.5,17.7,,-0.2,0.2,0,-0.006,,-3.9,0,-3.9,-0.1
359,Frank Ntilikina,PG,24,DAL,45,533,5,0.461,0.526,0.237,1.3,11.4,6.3,13.1,1.1,0.8,16.6,12.8,,-0.4,0.3,-0.1,-0.008,,-5.9,-0.7,-6.6,-0.6
402,Davon Reed,SG,27,DEN,35,315,5.3,0.456,0.55,0.25,3.4,16.4,10.1,7.3,2,1.1,18.4,15,,-0.4,0.4,-0.1,-0.009,,-5.8,-0.4,-6.2,-0.3
15,Ryan Arcidiacono,PG,28,NYK,11,26,3.1,0.3,0.6,0,0,16.9,8.5,9.4,3.8,0,16.7,9.9,,0,0,0,-0.01,,-9,3.9,-5.1,0
79,Facundo Campazzo,PG,31,DAL,8,52,7.8,0.36,0.846,0.154,0,4.6,2.3,22.7,5.8,0,17.8,14.7,,-0.1,0.1,0,-0.011,,-4.8,3.6,-1.2,0
413,Isaiah Roby,PF,24,SAS,42,474,9.3,0.497,0.387,0.265,4.7,20.7,12.4,10.8,1.8,1.2,15.2,17.8,,-0.4,0.3,-0.1,-0.011,,-4.1,-0.6,-4.6,-0.3
185,R.J. Hampton,PG,21,DET,17,304,8,0.531,0.533,0.38,2.5,10.1,6.2,7.5,1.6,0.6,15,17.7,,-0.2,0.1,-0.1,-0.011,,-3.9,-1.2,-5.1,-0.2
36,Malik Beasley,SG,26,LAL,22,534,8.5,0.506,0.696,0.051,1,13.5,7.5,6.6,1.7,0,11,21.5,,-0.7,0.6,-0.2,-0.014,,-3,-0.7,-3.7,-0.2
257,Johnny Juzang,SF,21,UTA,15,185,6.8,0.428,0.675,0.05,2.4,15,8.8,5.2,0.8,1.4,2.4,18.9,,-0.2,0.1,-0.1,-0.014,,-4,-2,-6,-0.2
421,Matt Ryan,SF,25,LAL,12,129,4.6,0.459,0.714,0.102,1.7,9.6,5.8,4.1,0.7,0,5.5,17.8,,-0.1,0.1,0,-0.014,,-4.3,-1.5,-5.7,-0.1
423,Luka Šamanić,PF,23,UTA,3,48,7.5,0.482,0.6,0.4,0,29,14.7,13.5,2,3.5,22.1,19.7,,-0.1,0.1,0,-0.015,,-7.4,2.2,-5.3,0
201,Killian Hayes,PG,21,DET,72,1997,10,0.448,0.349,0.126,1.3,10.3,5.6,32.7,2.4,1.1,16.6,20.5,,-2,1.3,-0.7,-0.016,,-3.5,-0.5,-4.1,-1
378,Scotty Pippen Jr.,PG,22,LAL,6,32,9.6,0.439,0.25,0.75,6.9,6.5,6.7,8.3,3,2.6,11.1,23.7,,-0.1,0,0,-0.018,,-5.1,-0.8,-5.9,0
105,Cade Cunningham,PG,21,DET,12,400,14,0.492,0.272,0.192,3.2,17.7,10.2,30.6,1.2,1.5,13.8,29.9,,-0.4,0.2,-0.1,-0.018,,-0.1,-0.6,-0.7,0.1
52,James Bouknight,SG,22,CHO,31,441,7.6,0.476,0.556,0.16,1.7,14.6,8,11.9,1.5,1,13,19,,-0.6,0.4,-0.2,-0.019,,-4.5,-0.6,-5.1,-0.3
360,Kendrick Nunn,SG,27,LAL,39,528,8.7,0.503,0.502,0.084,1.1,9.8,5.6,9.4,1,0.5,10.6,23.3,,-0.6,0.4,-0.2,-0.021,,-3.4,-1.6,-5.1,-0.4
308,Tyrese Martin,SG,23,ATL,13,45,6.3,0.444,0.313,0.125,4.8,9.9,7.3,0,1.1,0,5.6,16.7,,0,0,0,-0.022,,-5.1,-2.2,-7.3,-0.1
110,Johnny Davis,SG,20,WAS,24,273,5.9,0.454,0.396,0.177,3,13.4,8.4,6,0.5,1.2,7.2,17.8,,-0.3,0.2,-0.1,-0.022,,-6.4,-2,-8.3,-0.4
30,Will Barton,SG,32,TOR,12,146,5,0.345,0.532,0.043,2.2,12.6,7,10.6,2.4,1.3,5.9,14.8,,-0.2,0.2,-0.1,-0.023,,-6,0.3,-5.7,-0.1
128,Devon Dotson,PG,23,WAS,6,53,4.9,0.15,0.4,0,13.2,8.1,10.6,17.7,4.6,0,23.1,10.7,,-0.1,0.1,0,-0.024,,-7,1.8,-5.3,0
144,Bruno Fernando,C,24,ATL,5,15,11.1,0.51,0,0.4,14.4,14.8,14.6,8.5,0,5.7,25.4,22.1,,0,0,0,-0.024,,-3.9,-1.3,-5.2,0
342,Markieff Morris,PF,33,DAL,6,35,4.5,0.65,0.7,0,0,10.2,5,12.7,1.4,0,28.6,18.1,,0,0,0,-0.026,,-6.8,-0.1,-6.9,0
495,TyTy Washington Jr.,PG,21,HOU,30,412,7.1,0.423,0.503,0.103,0.5,10.8,5.6,16.2,1.5,0.5,8,17.7,,-0.3,0.1,-0.2,-0.027,,-5.2,-1.6,-6.8,-0.5
430,Dereon Seabron,SG,22,NOP,5,12,4.6,0.4,0,0,9.4,0,4.7,0,0,0,0,17.9,,0,0,0,-0.032,,-6.6,-4.7,-11.3,0
12,Thanasis Antetokounmpo,SF,30,MIL,33,138,3.4,0.387,0.185,0.444,7.9,15.2,11.7,7.1,1,1.8,25.4,13.2,,-0.3,0.2,-0.1,-0.034,,-8.4,-0.5,-8.8,-0.2
134,David Duke Jr.,SG,23,BRK,20,180,6.9,0.486,0.127,0.175,5.1,7.9,6.6,12.6,1.9,0.5,18.1,20.4,,-0.3,0.2,-0.1,-0.036,,-7.1,-0.9,-8.1,-0.3
76,John Butler,C,20,POR,15,116,2.4,0.277,0.696,0.043,2,6,4,4.3,1.7,3.8,0,8.8,,-0.2,0.1,-0.1,-0.037,,-7.5,-0.6,-8.2,-0.2
235,Reggie Jackson,PG,32,DEN,12,228,6,0.43,0.547,0.093,1.6,6.9,4.3,19.1,1.3,0.4,14.4,20,,-0.3,0.2,-0.2,-0.037,,-5.3,-1.7,-7,-0.3
218,Trevor Hudgins,PG,23,HOU,5,28,4.2,0.436,0.889,0.333,0,0,0,13.9,0,0,8.8,16.8,,0,0,0,-0.038,,-3.8,-4.8,-8.5,0
15,Ryan Arcidiacono,PG,28,TOT,20,172,2.7,0.351,0.622,0,0,10,5,17,1.4,0,15.9,11.1,,-0.2,0.1,-0.1,-0.04,,-7.3,-1.4,-8.7,-0.3
15,Ryan Arcidiacono,PG,28,POR,9,146,2.7,0.359,0.625,0,0,8.7,4.3,18.4,1,0,15.8,11.3,,-0.2,0,-0.1,-0.045,,-7,-2.4,-9.4,-0.3
244,Keon Johnson,SG,20,POR,40,416,9,0.482,0.455,0.23,3,9.2,6.1,21,2.2,1.3,18,25,,-0.7,0.3,-0.5,-0.053,,-3.8,-1.5,-5.3,-0.4
439,Kobi Simmons,PG,25,CHO,2,6,4.9,0,1,0,0,0,0,19.5,0,14.5,0,7,,0,0,0,-0.057,,-1.7,1.1,-0.5,0
172,Danny Green,SG,35,MEM,3,43,-0.2,0.409,0.727,0,2.5,7.4,4.9,5.6,1.1,0,21.4,13.5,,-0.1,0,-0.1,-0.06,,-7.9,-0.9,-8.8,-0.1
355,Daishen Nix,PG,20,HOU,55,891,5.5,0.452,0.591,0.155,2.2,9.9,6,19.6,1.6,0.8,25.3,15.5,,-1.4,0.2,-1.1,-0.061,,-4.9,-1.6,-6.4,-1
446,Ish Smith,PG,34,DEN,40,345,6.2,0.412,0.071,0.018,1.4,14.3,8,31.8,0.9,1.8,26.2,19.3,,-0.8,0.3,-0.4,-0.061,,-5.6,-1.1,-6.7,-0.4
260,Trevor Keels,SG,19,NYK,3,8,3.8,0.375,1,0,0,27.5,13.7,0,0,0,0,21.5,,0,0,0,-0.061,,-7.4,-5.5,-13,0
493,Duane Washington Jr.,SG,22,PHO,31,394,9.3,0.458,0.434,0.094,0.6,9.8,5.1,25.2,0.7,0.9,11.3,32.5,,-0.8,0.3,-0.5,-0.064,,-1.8,-2.8,-4.6,-0.3
63,Greg Brown III,PF,21,POR,16,93,5.8,0.421,0.25,0.429,2.5,21.1,11.8,4.5,2.1,4.8,15.3,18.4,,-0.2,0.1,-0.1,-0.07,,-8.5,0.1,-8.4,-0.2
392,Joshua Primo,SG,20,SAS,4,93,6.1,0.467,0.462,0.346,2.3,13.5,7.7,24.5,0.5,1.8,26.9,18.2,,-0.2,0,-0.1,-0.073,,-4.7,-1.6,-6.4,-0.1
44,Buddy Boeheim,PG,23,DET,8,74,1.8,0.322,0.917,0.083,2.9,4.6,3.7,5.4,1.3,0,0,14.3,,-0.1,0,-0.1,-0.075,,-7.6,-1.8,-9.4,-0.1
184,Jordan Hall,SF,21,SAS,9,83,5.5,0.438,0.536,0.321,3.8,12.4,7.9,17,0.6,0,18,19.4,,-0.1,0,-0.1,-0.077,,-4.8,-2.9,-7.7,-0.1
338,Xavier Moon,SG,28,LAC,3,18,4.7,0.313,0.375,0,0,18.5,9.3,37.9,0,0,11.1,21.9,,0,0,0,-0.091,,-4.5,-1.3,-5.8,0
282,Saben Lee,PG,23,PHI,2,10,12.8,0.75,0.25,0,0,0,0,37.2,5,0,42.9,31.3,,0,0,0,-0.096,,-3.7,-0.6,-4.3,0
239,Alize Johnson,PF,26,SAS,4,30,4.3,0.509,0.333,0.333,7,30.5,18.3,4.2,1.6,0,36.8,15,,-0.1,0,-0.1,-0.099,,-7.5,-1.7,-9.2,-0.1
140,Kessler Edwards,SF,22,BRK,14,79,2.4,0.301,0.5,0.083,8.8,11.1,10,3.2,1.9,1.1,13.9,16.2,,-0.3,0.1,-0.2,-0.109,,-6.7,-3.1,-9.7,-0.2
325,Sam Merrill,SG,26,CLE,3,11,-2.8,0.25,0.75,0,0,10.7,5.4,11.9,0,0,0,16.3,,0,0,0,-0.109,,-13.8,-2.8,-16.6,0
357,Nerlens Noel,C,28,BRK,3,43,0.3,0.218,0,0.333,8.1,15.3,11.8,8.3,3.4,2,42.1,12.3,,-0.2,0.1,-0.1,-0.113,,-11.3,0.9,-10.4,-0.1
500,Blake Wesley,SG,19,SAS,33,561,3.3,0.39,0.25,0.228,2.1,11.2,6.5,18.9,1.8,0.6,21.7,19.1,,-1.6,0.2,-1.4,-0.12,,-8.1,-1.8,-9.9,-1.1
66,Moses Brown,C,23,BRK,2,6,-2.6,,,,0,0,0,0,8.1,0,100,7.4,,0,0,0,-0.13,,-12.7,2.8,-9.9,0
395,Trevelin Queen,SG,25,IND,7,70,6,0.337,0.517,0.172,12.7,14.3,13.5,11.1,1.4,6.2,18.3,22.9,,-0.3,0.1,-0.2,-0.132,,-5.6,-1.6,-7.2,-0.1
198,Udonis Haslem,C,42,MIA,6,46,-3.5,0.116,0.167,0.167,9.8,10.6,10.2,0,1.1,2.2,0,12.4,,-0.2,0,-0.1,-0.135,,-12.2,-4.3,-16.5,-0.2
130,PJ Dozier,SG,26,SAC,13,32,3.9,0.321,0.5,0,0,24.7,12.5,4,4.5,2.7,12.5,21.5,,-0.2,0.1,-0.1,-0.143,,-11.2,0.3,-10.9,-0.1
53,Jamaree Bouyea,PG,23,WAS,1,6,-7,0,1,0,0,17.9,9.3,0,0,0,0,7.3,,0,0,0,-0.15,,-16.1,-1.7,-17.8,0
508,Lindell Wigginton,PG,24,MIL,5,18,0.7,0.405,0.444,0.222,0,5.5,2.9,15.5,0,0,16.8,27.8,,-0.1,0,-0.1,-0.159,,-12.8,-5.4,-18.1,-0.1
440,Marko Simonovic,C,23,CHI,4,9,-7.7,0,0.5,0,12.9,0,6.3,0,0,0,0,9.8,,0,0,0,-0.161,,-14.8,-6.8,-21.6,0
469,Isaiah Todd,PF,21,WAS,4,13,-3.2,0.25,0.75,0,0,0,0,0,0,0,0,13.4,,0,0,0,-0.163,,-8.1,-5.6,-13.7,0
247,Carlik Jones,PG,25,CHI,4,28,-4.7,0.171,0.143,0.571,4.1,8,6.1,8.5,0,0,10.2,15.4,,-0.1,0,-0.1,-0.2,,-12.8,-4,-16.8,-0.1
87,Julian Champagnie,SF,21,PHI,2,7,-3.8,0,0.5,0,0,0,0,0,7.1,0,0,12.8,,0,0,0,-0.215,,-12,-1.4,-13.4,0
415,Ryan Rollins,PG,20,GSW,12,62,-1.4,0.508,0.45,0.3,5.4,15.8,10.7,12.5,0.8,1.4,41.4,26.2,,-0.3,0.1,-0.3,-0.221,,-11.4,-3.7,-15.1,-0.2
48,Leandro Bolmaro,SG,22,UTA,14,68,-5,0.15,0.2,0,6.4,4.7,5.6,12.4,2.1,1.2,25.9,16.6,,-0.4,0,-0.3,-0.231,,-12.6,-2.3,-14.9,-0.2
437,Chris Silva,PF,26,DAL,1,3,-2.2,1,0,0,0,0,0,0,0,0,50,30.2,,0,0,0,-0.261,,-22.5,-0.1,-22.6,0
335,Chima Moneke,SF,27,SAC,2,8,-3.5,0.347,0,1,29,0,14.3,16.1,0,0,41,26.2,,0,0,0,-0.285,,-12.7,-8,-20.7,0
73,Deonte Burton,SG,29,SAC,2,6,-12.6,0,0.5,0,0,0,0,0,0,0,0,14.3,,0,0,0,-0.349,,-14.7,-9.9,-24.6,0
230,Frank Jackson,PG,24,UTA,1,5,-6.8,0,0.333,0,21.9,21.4,21.7,22.8,0,0,0,25,,0,0,0,-0.376,,-12.5,-9.9,-22.4,0
509,Alondes Williams,SG,23,BRK,1,5,-20.9,,,,0,22,11.3,0,0,0,100,17.7,,-0.1,0,-0.1,-0.518,,-21.3,-5.2,-26.5,0
398,Lester Quinones,SG,22,GSW,1,1,-62.7,0,0.5,0,0,100,55,0,0,0,0,84,,0,0,0,-1.846,,-49.9,-20.4,-70.3,0
